Workbook
Name v: '[1]Website sales'!#REF!

Sheet Annual fee sales breakup - SAS
M1: 638577.5 | N1: 626851
M2: =SUM(M6:M393) | N2: =SUM(N6:N393)
M3: =+M1-M2 | N3: =+N1-N2
L4: =SUM(L6:L393) | M4: May | O4: Feb - April
A5: S.No | B5: Receipt Date | C5: School Name | D5: Enrollment NO | E5: Delivery status | F5: Student Name | G5: Description | H5: Language of Book | I5: Grade | J5: Receipt No | K5: Fee Type | L5: Total | M5: Book Sales | N5: Uniform Sale | O5: Book Sales | P5: Uniform Sale | Q5: Services to given
A6: 1 | B6: 46098 | C6: SAS BP | D6: SC260407 | E6: #N/A | F6: Ivan Prince | G6: SAS BP LKG MAGIC BOX BOYS | I6: LKG | L6: 11000 | M6: =+SUMIFS('[1]Annual fee sales'!$V:$V,'[1]Annual fee sales'!$L:$L,'Annual fee sales breakup - SAS'!$M$5,'[1]Annual fee sales'!$G:$G,'Annual fee sales breakup - SAS'!F6) | N6: =+SUMIFS('[1]Annual fee sales'!$V:$V,'[1]Annual fee sales'!$L:$L,'Annual fee sales breakup - SAS'!$N$5,'[1]Annual fee sales'!$G:$G,'Annual fee sales breakup - SAS'!F6) | O6: 0 | P6: 0 | Q6: =+L6-M6-N6-O6-P6
A7: =+A6+1 | B7: 46098 | C7: SAS BP | D7: SC260267 | E7: #N/A | F7: Devansh Yadav Addu | G7: SAS BP LKG MAGIC BOX BOYS | I7: LKG | L7: 11000 | M7: =+SUMIFS('[1]Annual fee sales'!$V:$V,'[1]Annual fee sales'!$L:$L,'Annual fee sales breakup - SAS'!$M$5,'[1]Annual fee sales'!$G:$G,'Annual fee sales breakup - SAS'!F7) | N7: =+SUMIFS('[1]Annual fee sales'!$V:$V,'[1]Annual fee sales'!$L:$L,'Annual fee sales breakup - SAS'!$N$5,'[1]Annual fee sales'!$G:$G,'Annual fee sales breakup - SAS'!F7) | O7: 0 | P7: 0 | Q7: =+L7-M7-N7-O7-P7
A8: =+A7+1 | B8: 46098 | C8: SAS BP | D8: 26BP0558 | E8: #N/A | F8: DANDA ADHVITHA REDDY | G8: SAS BP LKG MAGIC BOX GIRLS | I8: LKG | L8: 11000 | M8: =+SUMIFS('[1]Annual fee sales'!$V:$V,'[1]Annual fee sales'!$L:$L,'Annual fee sales breakup - SAS'!$M$5,'[1]Annual fee sales'!$G:$G,'Annual fee sales breakup - SAS'!F8) | N8: =+SUMIFS('[1]Annual fee sales'!$V:$V,'[1]Annual fee sales'!$L:$L,'Annual fee sales breakup - SAS'!$N$5,'[1]Annual fee sales'!$G:$G,'Annual fee sales breakup - SAS'!F8) | O8: 0 | P8: 0 | Q8: =+L8-M8-N8-O8-P8
A9: =+A8+1 | B9: 46098 | C9: SAS BP | D9: SC260076 | E9: #N/A | F9: Yuvika Reddy Musani | G9: SAS BP UKG MAGIC BOX GIRLS | I9: UKG | L9: 11000 | M9: =+SUMIFS('[1]Annual fee sales'!$V:$V,'[1]Annual fee sales'!$L:$L,'Annual fee sales breakup - SAS'!$M$5,'[1]Annual fee sales'!$G:$G,'Annual fee sales breakup - SAS'!F9) | N9: =+SUMIFS('[1]Annual fee sales'!$V:$V,'[1]Annual fee sales'!$L:$L,'Annual fee sales breakup - SAS'!$N$5,'[1]Annual fee sales'!$G:$G,'Annual fee sales breakup - SAS'!F9) | O9: 0 | P9: 0 | Q9: =+L9-M9-N9-O9-P9
A10: =+A9+1 | B10: 46099 | C10: SAS BP | D10: SC260174 | E10: #N/A | F10: Eavanshi Bommala | G10: SAS BP LKG MAGIC BOX GIRLS | I10: LKG | L10: 11000 | M10: =+SUMIFS('[1]Annual fee sales'!$V:$V,'[1]Annual fee sales'!$L:$L,'Annual fee sales breakup - SAS'!$M$5,'[1]Annual fee sales'!$G:$G,'Annual fee sales breakup - SAS'!F10) | N10: =+SUMIFS('[1]Annual fee sales'!$V:$V,'[1]Annual fee sales'!$L:$L,'Annual fee sales breakup - SAS'!$N$5,'[1]Annual fee sales'!$G:$G,'Annual fee sales breakup - SAS'!F10) | O10: 0 | P10: 0 | Q10: =+L10-M10-N10-O10-P10
A11: =+A10+1 | B11: 46099 | C11: SAS BP | D11: SC260132 | E11: #N/A | F11: Shreya L S | G11: SAS BP NURSERY MAGIC BOX GIRLS | I11: Nursery | L11: 11000 | M11: =+SUMIFS('[1]Annual fee sales'!$V:$V,'[1]Annual fee sales'!$L:$L,'Annual fee sales breakup - SAS'!$M$5,'[1]Annual fee sales'!$G:$G,'Annual fee sales breakup - SAS'!F11) | N11: =+SUMIFS('[1]Annual fee sales'!$V:$V,'[1]Annual fee sales'!$L:$L,'Annual fee sales breakup - SAS'!$N$5,'[1]Annual fee sales'!$G:$G,'Annual fee sales breakup - SAS'!F11) | O11: 0 | P11: 0 | Q11: =+L11-M11-N11-O11-P11
A12: =+A11+1 | B12: 46099 | C12: SAS BP | D12: SC260092 | E12: #N/A | F12: Sushrut Saleel Limaye | G12: SAS BP UKG MAGIC BOX BOYS | I12: UKG | L12: 11000 | M12: =+SUMIFS('[1]Annual fee sales'!$V:$V,'[1]Annual fee sales'!$L:$L,'Annual fee sales breakup - SAS'!$M$5,'[1]Annual fee sales'!$G:$G,'Annual fee sales breakup - SAS'!F12) | N12: =+SUMIFS('[1]Annual fee sales'!$V:$V,'[1]Annual fee sales'!$L:$L,'Annual fee sales breakup - SAS'!$N$5,'[1]Annual fee sales'!$G:$G,'Annual fee sales breakup - SAS'!F12) | O12: 0 | P12: 0 | Q12: =+L12-M12-N12-O12-P12
A13: =+A12+1 | B13: 46099 | C13: SAS BP | D13: SC260145 | E13: #N/A | F13: Atharv Garipally | G13: SAS BP UKG MAGIC BOX BOYS | I13: UKG | L13: 11000 | M13: =+SUMIFS('[1]Annual fee sales'!$V:$V,'[1]Annual fee sales'!$L:$L,'Annual fee sales breakup - SAS'!$M$5,'[1]Annual fee sales'!$G:$G,'Annual fee sales breakup - SAS'!F13) | N13: =+SUMIFS('[1]Annual fee sales'!$V:$V,'[1]Annual fee sales'!$L:$L,'Annual fee sales breakup - SAS'!$N$5,'[1]Annual fee sales'!$G:$G,'Annual fee sales breakup - SAS'!F13) | O13: 0 | P13: 0 | Q13: =+L13-M13-N13-O13-P13
A14: =+A13+1 | B14: 46099 | C14: SAS BP | D14: SC260081 | E14: #N/A | F14: Purvansh Nelly | G14: SAS BP UKG MAGIC BOX BOYS | I14: UKG | L14: 11000 | M14: =+SUMIFS('[1]Annual fee sales'!$V:$V,'[1]Annual fee sales'!$L:$L,'Annual fee sales breakup - SAS'!$M$5,'[1]Annual fee sales'!$G:$G,'Annual fee sales breakup - SAS'!F14) | N14: =+SUMIFS('[1]Annual fee sales'!$V:$V,'[1]Annual fee sales'!$L:$L,'Annual fee sales breakup - SAS'!$N$5,'[1]Annual fee sales'!$G:$G,'Annual fee sales breakup - SAS'!F14) | O14: 0 | P14: 0 | Q14: =+L14-M14-N14-O14-P14
A15: =+A14+1 | B15: 46100 | C15: SAS BP | D15: SC260122 | E15: #N/A | F15: Hanzala Arham Mohammad - 1 | G15: SAS BP GRADE 1 MAGIC BOX BOYS | I15: Grade 1 | L15: 16500 | M15: =+SUMIFS('[1]Annual fee sales'!$V:$V,'[1]Annual fee sales'!$L:$L,'Annual fee sales breakup - SAS'!$M$5,'[1]Annual fee sales'!$G:$G,'Annual fee sales breakup - SAS'!F15) | N15: =+SUMIFS('[1]Annual fee sales'!$V:$V,'[1]Annual fee sales'!$L:$L,'Annual fee sales breakup - SAS'!$N$5,'[1]Annual fee sales'!$G:$G,'Annual fee sales breakup - SAS'!F15) | O15: 0 | P15: 0 | Q15: =+L15-M15-N15-O15-P15
A16: =+A15+1 | B16: 46100 | C16: SAS BP | D16: 26BP0532 | E16: #N/A | F16: RIYANSH DIGIJARLA | G16: SAS BP GRADE 1 MAGIC BOX BOYS | I16: Grade 1 | L16: 16500 | M16: =+SUMIFS('[1]Annual fee sales'!$V:$V,'[1]Annual fee sales'!$L:$L,'Annual fee sales breakup - SAS'!$M$5,'[1]Annual fee sales'!$G:$G,'Annual fee sales breakup - SAS'!F16) | N16: =+SUMIFS('[1]Annual fee sales'!$V:$V,'[1]Annual fee sales'!$L:$L,'Annual fee sales breakup - SAS'!$N$5,'[1]Annual fee sales'!$G:$G,'Annual fee sales breakup - SAS'!F16) | O16: 0 | P16: 0 | Q16: =+L16-M16-N16-O16-P16
A17: =+A16+1 | B17: 46100 | C17: SAS BP | D17: SC260147 | E17: #N/A | F17: Kopparapu Sri Dhruti | G17: SAS BP GRADE 1 MAGIC BOX GIRLS | I17: Grade 1 | L17: 16500 | M17: =+SUMIFS('[1]Annual fee sales'!$V:$V,'[1]Annual fee sales'!$L:$L,'Annual fee sales breakup - SAS'!$M$5,'[1]Annual fee sales'!$G:$G,'Annual fee sales breakup - SAS'!F17) | N17: =+SUMIFS('[1]Annual fee sales'!$V:$V,'[1]Annual fee sales'!$L:$L,'Annual fee sales breakup - SAS'!$N$5,'[1]Annual fee sales'!$G:$G,'Annual fee sales breakup - SAS'!F17) | O17: 0 | P17: 0 | Q17: =+L17-M17-N17-O17-P17
A18: =+A17+1 | B18: 46100 | C18: SAS BP | D18: SC260488 | E18: #N/A | F18: Rushika Reddy Gadikoyya | G18: SAS BP GRADE 1 MAGIC BOX GIRLS | I18: Grade 1 | L18: 16500 | M18: =+SUMIFS('[1]Annual fee sales'!$V:$V,'[1]Annual fee sales'!$L:$L,'Annual fee sales breakup - SAS'!$M$5,'[1]Annual fee sales'!$G:$G,'Annual fee sales breakup - SAS'!F18) | N18: =+SUMIFS('[1]Annual fee sales'!$V:$V,'[1]Annual fee sales'!$L:$L,'Annual fee sales breakup - SAS'!$N$5,'[1]Annual fee sales'!$G:$G,'Annual fee sales breakup - SAS'!F18) | O18: 0 | P18: 0 | Q18: =+L18-M18-N18-O18-P18
... A79: =+A78+1 | B79: 46106 | C79: SAS BP | D79: SC260470 | E79: #N/A | F79: Nivaan Varma | G79: SAS BP GRADE 3 MAGIC BOX BOYS | I79: Grade 3 | L79: 16500 | M79: =+SUMIFS('[1]Annual fee sales'!$V:$V,'[1]Annual fee sales'!$L:$L,'Annual fee sales breakup - SAS'!$M$5,'[1]Annual fee sales'!$G:$G,'Annual fee sales breakup - SAS'!F79) | N79: =+SUMIFS('[1]Annual fee sales'!$V:$V,'[1]Annual fee sales'!$L:$L,'Annual fee sales breakup - SAS'!$N$5,'[1]Annual fee sales'!$G:$G,'Annual fee sales breakup - SAS'!F79) | O79: 0 | P79: 0 | Q79: =+L79-M79-N79-O79-P79
A80: =+A79+1 | B80: 46106 | C80: SAS BP | D80: SC260059 | E80: Delivered | F80: Ashrith Ranga Reddy Panyala | G80: SAS BP GRADE 3 MAGIC BOX BOYS | H80: SAS Suchitra Grade 3 BookkitTelugu 2nd Lan Hin 3rd Lan | I80: Grade 3 | L80: 16500 | M80: =+SUMIFS('[1]Annual fee sales'!$V:$V,'[1]Annual fee sales'!$L:$L,'Annual fee sales breakup - SAS'!$M$5,'[1]Annual fee sales'!$G:$G,'Annual fee sales breakup - SAS'!F80) | N80: =+SUMIFS('[1]Annual fee sales'!$V:$V,'[1]Annual fee sales'!$L:$L,'Annual fee sales breakup - SAS'!$N$5,'[1]Annual fee sales'!$G:$G,'Annual fee sales breakup - SAS'!F80) | O80: 8231 | P80: 0 | Q80: =+L80-M80-N80-O80-P80
A81: =+A80+1 | B81: 46106 | C81: SAS BP | D81: SC260062 | E81: #N/A | F81: Sanjay Peram - 1 | G81: SAS BP GRADE 3 MAGIC BOX BOYS | I81: Grade 3 | L81: 16500 | M81: =+SUMIFS('[1]Annual fee sales'!$V:$V,'[1]Annual fee sales'!$L:$L,'Annual fee sales breakup - SAS'!$M$5,'[1]Annual fee sales'!$G:$G,'Annual fee sales breakup - SAS'!F81) | N81: =+SUMIFS('[1]Annual fee sales'!$V:$V,'[1]Annual fee sales'!$L:$L,'Annual fee sales breakup - SAS'!$N$5,'[1]Annual fee sales'!$G:$G,'Annual fee sales breakup - SAS'!F81) | O81: 0 | P81: 0 | Q81: =+L81-M81-N81-O81-P81
A82: =+A81+1 | B82: 46106 | C82: SAS BP | D82: SC260362 | E82: #N/A | F82: Kalle Shreenidhi | G82: SAS BP GRADE 3 MAGIC BOX GIRLS | I82: Grade 3 | L82: 16500 | M82: =+SUMIFS('[1]Annual fee sales'!$V:$V,'[1]Annual fee sales'!$L:$L,'Annual fee sales breakup - SAS'!$M$5,'[1]Annual fee sales'!$G:$G,'Annual fee sales breakup - SAS'!F82) | N82: =+SUMIFS('[1]Annual fee sales'!$V:$V,'[1]Annual fee sales'!$L:$L,'Annual fee sales breakup - SAS'!$N$5,'[1]Annual fee sales'!$G:$G,'Annual fee sales breakup - SAS'!F82) | O82: 0 | P82: 0 | Q82: =+L82-M82-N82-O82-P82
A83: =+A82+1 | B83: 46106 | C83: SAS BP | D83: SC260348 | E83: #N/A | F83: Vatte Raghava Reddy | G83: SAS BP GRADE 4 MAGIC BOX BOYS | I83: Grade 4 | L83: 19800 | M83: =+SUMIFS('[1]Annual fee sales'!$V:$V,'[1]Annual fee sales'!$L:$L,'Annual fee sales breakup - SAS'!$M$5,'[1]Annual fee sales'!$G:$G,'Annual fee sales breakup - SAS'!F83) | N83: =+SUMIFS('[1]Annual fee sales'!$V:$V,'[1]Annual fee sales'!$L:$L,'Annual fee sales breakup - SAS'!$N$5,'[1]Annual fee sales'!$G:$G,'Annual fee sales breakup - SAS'!F83) | O83: 0 | P83: 0 | Q83: =+L83-M83-N83-O83-P83
A84: =+A83+1 | B84: 46106 | C84: SAS BP | D84: SC260316 | E84: #N/A | F84: Bahulya Goud Kothinti | G84: SAS BP GRADE 4 MAGIC BOX BOYS | I84: Grade 4 | L84: 19800 | M84: =+SUMIFS('[1]Annual fee sales'!$V:$V,'[1]Annual fee sales'!$L:$L,'Annual fee sales breakup - SAS'!$M$5,'[1]Annual fee sales'!$G:$G,'Annual fee sales breakup - SAS'!F84) | N84: =+SUMIFS('[1]Annual fee sales'!$V:$V,'[1]Annual fee sales'!$L:$L,'Annual fee sales breakup - SAS'!$N$5,'[1]Annual fee sales'!$G:$G,'Annual fee sales breakup - SAS'!F84) | O84: 0 | P84: 0 | Q84: =+L84-M84-N84-O84-P84
A85: =+A84+1 | B85: 46106 | C85: SAS BP | D85: SC260226 | E85: #N/A | F85: Velisetty Aashrith Krishna | G85: SAS BP GRADE 4 MAGIC BOX BOYS | I85: Grade 4 | L85: 19800 | M85: =+SUMIFS('[1]Annual fee sales'!$V:$V,'[1]Annual fee sales'!$L:$L,'Annual fee sales breakup - SAS'!$M$5,'[1]Annual fee sales'!$G:$G,'Annual fee sales breakup - SAS'!F85) | N85: =+SUMIFS('[1]Annual fee sales'!$V:$V,'[1]Annual fee sales'!$L:$L,'Annual fee sales breakup - SAS'!$N$5,'[1]Annual fee sales'!$G:$G,'Annual fee sales breakup - SAS'!F85) | O85: 0 | P85: 0 | Q85: =+L85-M85-N85-O85-P85
A86: =+A85+1 | B86: 46106 | C86: SAS BP | D86: SC260120 | E86: #N/A | F86: Samaira Palanki | G86: SAS BP GRADE 4 MAGIC BOX GIRLS | I86: Grade 4 | L86: 19800 | M86: =+SUMIFS('[1]Annual fee sales'!$V:$V,'[1]Annual fee sales'!$L:$L,'Annual fee sales breakup - SAS'!$M$5,'[1]Annual fee sales'!$G:$G,'Annual fee sales breakup - SAS'!F86) | N86: =+SUMIFS('[1]Annual fee sales'!$V:$V,'[1]Annual fee sales'!$L:$L,'Annual fee sales breakup - SAS'!$N$5,'[1]Annual fee sales'!$G:$G,'Annual fee sales breakup - SAS'!F86) | O86: 0 | P86: 0 | Q86: =+L86-M86-N86-O86-P86
A87: =+A86+1 | B87: 46106 | C87: SAS BP | D87: SC260019 | E87: #N/A | F87: YASHITHA PAMU | G87: SAS BP GRADE 4 MAGIC BOX GIRLS | I87: Grade 4 | L87: 19800 | M87: =+SUMIFS('[1]Annual fee sales'!$V:$V,'[1]Annual fee sales'!$L:$L,'Annual fee sales breakup - SAS'!$M$5,'[1]Annual fee sales'!$G:$G,'Annual fee sales breakup - SAS'!F87) | N87: =+SUMIFS('[1]Annual fee sales'!$V:$V,'[1]Annual fee sales'!$L:$L,'Annual fee sales breakup - SAS'!$N$5,'[1]Annual fee sales'!$G:$G,'Annual fee sales breakup - SAS'!F87) | O87: 0 | P87: 0 | Q87: =+L87-M87-N87-O87-P87
A88: =+A87+1 | B88: 46106 | C88: SAS BP | D88: SC260300 | E88: #N/A | F88: Aadhya Thipparapu | G88: SAS BP GRADE 4 MAGIC BOX GIRLS | I88: Grade 4 | L88: 19800 | M88: =+SUMIFS('[1]Annual fee sales'!$V:$V,'[1]Annual fee sales'!$L:$L,'Annual fee sales breakup - SAS'!$M$5,'[1]Annual fee sales'!$G:$G,'Annual fee sales breakup - SAS'!F88) | N88: =+SUMIFS('[1]Annual fee sales'!$V:$V,'[1]Annual fee sales'!$L:$L,'Annual fee sales breakup - SAS'!$N$5,'[1]Annual fee sales'!$G:$G,'Annual fee sales breakup - SAS'!F88) | O88: 0 | P88: 0 | Q88: =+L88-M88-N88-O88-P88
A89: =+A88+1 | B89: 46106 | C89: SAS BP | D89: SC260189 | E89: #N/A | F89: Arra Venkat varun Reddy | G89: SAS BP GRADE 5 MAGIC BOX BOYS | I89: Grade 5 | L89: 19800 | M89: =+SUMIFS('[1]Annual fee sales'!$V:$V,'[1]Annual fee sales'!$L:$L,'Annual fee sales breakup - SAS'!$M$5,'[1]Annual fee sales'!$G:$G,'Annual fee sales breakup - SAS'!F89) | N89: =+SUMIFS('[1]Annual fee sales'!$V:$V,'[1]Annual fee sales'!$L:$L,'Annual fee sales breakup - SAS'!$N$5,'[1]Annual fee sales'!$G:$G,'Annual fee sales breakup - SAS'!F89) | O89: 0 | P89: 0 | Q89: =+L89-M89-N89-O89-P89
A90: =+A89+1 | B90: 46106 | C90: SAS BP | D90: SC260526 | E90: #N/A | F90: Simeon Shalom Chettupally | G90: SAS BP GRADE 5 MAGIC BOX BOYS | I90: Grade 5 | L90: 19800 | M90: =+SUMIFS('[1]Annual fee sales'!$V:$V,'[1]Annual fee sales'!$L:$L,'Annual fee sales breakup - SAS'!$M$5,'[1]Annual fee sales'!$G:$G,'Annual fee sales breakup - SAS'!F90) | N90: =+SUMIFS('[1]Annual fee sales'!$V:$V,'[1]Annual fee sales'!$L:$L,'Annual fee sales breakup - SAS'!$N$5,'[1]Annual fee sales'!$G:$G,'Annual fee sales breakup - SAS'!F90) | O90: 0 | P90: 0 | Q90: =+L90-M90-N90-O90-P90
A91: =+A90+1 | B91: 46106 | C91: SAS BP | D91: SC260194 | E91: #N/A | F91: Charvi Sai Vecham | G91: SAS BP GRADE 5 MAGIC BOX GIRLS | I91: Grade 5 | L91: 19800 | M91: =+SUMIFS('[1]Annual fee sales'!$V:$V,'[1]Annual fee sales'!$L:$L,'Annual fee sales breakup - SAS'!$M$5,'[1]Annual fee sales'!$G:$G,'Annual fee sales breakup - SAS'!F91) | N91: =+SUMIFS('[1]Annual fee sales'!$V:$V,'[1]Annual fee sales'!$L:$L,'Annual fee sales breakup - SAS'!$N$5,'[1]Annual fee sales'!$G:$G,'Annual fee sales breakup - SAS'!F91) | O91: 0 | P91: 0 | Q91: =+L91-M91-N91-O91-P91
A92: =+A91+1 | B92: 46106 | C92: SAS BP | D92: 26BP0523 | E92: #N/A | F92: SANVI SARISA | G92: SAS BP GRADE 5 MAGIC BOX GIRLS | I92: Grade 5 | L92: 19800 | M92: =+SUMIFS('[1]Annual fee sales'!$V:$V,'[1]Annual fee sales'!$L:$L,'Annual fee sales breakup - SAS'!$M$5,'[1]Annual fee sales'!$G:$G,'Annual fee sales breakup - SAS'!F92) | N92: =+SUMIFS('[1]Annual fee sales'!$V:$V,'[1]Annual fee sales'!$L:$L,'Annual fee sales breakup - SAS'!$N$5,'[1]Annual fee sales'!$G:$G,'Annual fee sales breakup - SAS'!F92) | O92: 0 | P92: 0 | Q92: =+L92-M92-N92-O92-P92
... A96: =+A95+1 | B96: 46106 | C96: SAS BP | D96: SC260018 | E96: #N/A | F96: SAHASRA PAMU - 1 | G96: SAS BP GRADE 6 MAGIC BOX GIRLS | I96: Grade 6 | L96: 22000 | M96: =+SUMIFS('[1]Annual fee sales'!$V:$V,'[1]Annual fee sales'!$L:$L,'Annual fee sales breakup - SAS'!$M$5,'[1]Annual fee sales'!$G:$G,'Annual fee sales breakup - SAS'!F96) | N96: =+SUMIFS('[1]Annual fee sales'!$V:$V,'[1]Annual fee sales'!$L:$L,'Annual fee sales breakup - SAS'!$N$5,'[1]Annual fee sales'!$G:$G,'Annual fee sales breakup - SAS'!F96) | O96: 0 | P96: 0 | Q96: =+L96-M96-N96-O96-P96
A97: =+A96+1 | B97: 46106 | C97: SAS BP | D97: SC260028 | E97: Delivered | F97: SUHAS REDDY KOTA - 1 | G97: SAS BP GRADE 7 MAGIC BOX BOYS | H97: SAS Suchitra Grade 7 BookkitHindi 2nd Lan Tel 3rd Lan | I97: Grade 7 | L97: 22000 | M97: =+SUMIFS('[1]Annual fee sales'!$V:$V,'[1]Annual fee sales'!$L:$L,'Annual fee sales breakup - SAS'!$M$5,'[1]Annual fee sales'!$G:$G,'Annual fee sales breakup - SAS'!F97) | N97: =+SUMIFS('[1]Annual fee sales'!$V:$V,'[1]Annual fee sales'!$L:$L,'Annual fee sales breakup - SAS'!$N$5,'[1]Annual fee sales'!$G:$G,'Annual fee sales breakup - SAS'!F97) | O97: 9411.5 | P97: 0 | Q97: =+L97-M97-N97-O97-P97
A98: =+A97+1 | B98: 46106 | C98: SAS BP | D98: SC260006 | E98: #N/A | F98: Thumma Sushanth Reddy | G98: SAS BP GRADE 7 MAGIC BOX BOYS | I98: Grade 7 | L98: 22000 | M98: =+SUMIFS('[1]Annual fee sales'!$V:$V,'[1]Annual fee sales'!$L:$L,'Annual fee sales breakup - SAS'!$M$5,'[1]Annual fee sales'!$G:$G,'Annual fee sales breakup - SAS'!F98) | N98: =+SUMIFS('[1]Annual fee sales'!$V:$V,'[1]Annual fee sales'!$L:$L,'Annual fee sales breakup - SAS'!$N$5,'[1]Annual fee sales'!$G:$G,'Annual fee sales breakup - SAS'!F98) | O98: 0 | P98: 0 | Q98: =+L98-M98-N98-O98-P98
A99: =+A98+1 | B99: 46106 | C99: SAS BP | D99: SC260361 | E99: Delivered | F99: Siva Mohit Reddy Satti | G99: SAS BP GRADE 7 MAGIC BOX BOYS | H99: SAS Suchitra Grade 7 BookkitTelugu 2nd Lan Hin 3rd Lan | I99: Grade 7 | L99: 22000 | M99: =+SUMIFS('[1]Annual fee sales'!$V:$V,'[1]Annual fee sales'!$L:$L,'Annual fee sales breakup - SAS'!$M$5,'[1]Annual fee sales'!$G:$G,'Annual fee sales breakup - SAS'!F99) | N99: =+SUMIFS('[1]Annual fee sales'!$V:$V,'[1]Annual fee sales'!$L:$L,'Annual fee sales breakup - SAS'!$N$5,'[1]Annual fee sales'!$G:$G,'Annual fee sales breakup - SAS'!F99) | O99: 9061.5 | P99: 0 | Q99: =+L99-M99-N99-O99-P99
A100: =+A99+1 | B100: 46106 | C100: SAS BP | D100: SC260175 | E100: Delivered | F100: Aarvi Prashant Konda | G100: SAS BP GRADE 7 MAGIC BOX GIRLS | H100: SAS Suchitra Grade 7 BookkitHindi 2nd Lan Tel 3rd Lan | I100: Grade 7 | L100: 22000 | M100: =+SUMIFS('[1]Annual fee sales'!$V:$V,'[1]Annual fee sales'!$L:$L,'Annual fee sales breakup - SAS'!$M$5,'[1]Annual fee sales'!$G:$G,'Annual fee sales breakup - SAS'!F100) | N100: =+SUMIFS('[1]Annual fee sales'!$V:$V,'[1]Annual fee sales'!$L:$L,'Annual fee sales breakup - SAS'!$N$5,'[1]Annual fee sales'!$G:$G,'Annual fee sales breakup - SAS'!F100) | O100: 9411.5 | P100: 0 | Q100: =+L100-M100-N100-O100-P100
A101: =+A100+1 | B101: 46106 | C101: SAS BP | D101: SC260165 | E101: Delivered | F101: Anvitha Bitla | G101: SAS BP GRADE 7 MAGIC BOX GIRLS | H101: SAS Suchitra Grade 7 BookkitTelugu 2nd Lan Hin 3rd Lan | I101: Grade 7 | L101: 22000 | M101: =+SUMIFS('[1]Annual fee sales'!$V:$V,'[1]Annual fee sales'!$L:$L,'Annual fee sales breakup - SAS'!$M$5,'[1]Annual fee sales'!$G:$G,'Annual fee sales breakup - SAS'!F101) | N101: =+SUMIFS('[1]Annual fee sales'!$V:$V,'[1]Annual fee sales'!$L:$L,'Annual fee sales breakup - SAS'!$N$5,'[1]Annual fee sales'!$G:$G,'Annual fee sales breakup - SAS'!F101) | O101: 9061.5 | P101: 0 | Q101: =+L101-M101-N101-O101-P101
A102: =+A101+1 | B102: 46106 | C102: SAS BP | D102: 26BP0594 | E102: Delivered | F102: Varenya Kunapuli | G102: SAS BP GRADE 7 MAGIC BOX GIRLS | H102: SAS Suchitra Grade 7 BookkitHindi 2nd Lan Tel 3rd Lan | I102: Grade 7 | L102: 22000 | M102: =+SUMIFS('[1]Annual fee sales'!$V:$V,'[1]Annual fee sales'!$L:$L,'Annual fee sales breakup - SAS'!$M$5,'[1]Annual fee sales'!$G:$G,'Annual fee sales breakup - SAS'!F102) | N102: =+SUMIFS('[1]Annual fee sales'!$V:$V,'[1]Annual fee sales'!$L:$L,'Annual fee sales breakup - SAS'!$N$5,'[1]Annual fee sales'!$G:$G,'Annual fee sales breakup - SAS'!F102) | O102: 9411.5 | P102: 0 | Q102: =+L102-M102-N102-O102-P102
A103: =+A102+1 | B103: 46106 | C103: SAS BP | D103: SC260338 | E103: #N/A | F103: Nimmala Varshith kumar | G103: SAS BP GRADE 8 MAGIC BOX BOYS | I103: Grade 8 | L103: 22000 | M103: =+SUMIFS('[1]Annual fee sales'!$V:$V,'[1]Annual fee sales'!$L:$L,'Annual fee sales breakup - SAS'!$M$5,'[1]Annual fee sales'!$G:$G,'Annual fee sales breakup - SAS'!F103) | N103: =+SUMIFS('[1]Annual fee sales'!$V:$V,'[1]Annual fee sales'!$L:$L,'Annual fee sales breakup - SAS'!$N$5,'[1]Annual fee sales'!$G:$G,'Annual fee sales breakup - SAS'!F103) | O103: 0 | P103: 0 | Q103: =+L103-M103-N103-O103-P103
A104: =+A103+1 | B104: 46106 | C104: SAS BP | D104: SC260037 | E104: Delivered | F104: VENKATA HANSITH MADDURI | G104: SAS BP GRADE 8 MAGIC BOX BOYS | H104: SAS Suchitra Grade 8 BookkitTelugu 2nd Lan Hin 3rd Lan | I104: Grade 8 | L104: 22000 | M104: =+SUMIFS('[1]Annual fee sales'!$V:$V,'[1]Annual fee sales'!$L:$L,'Annual fee sales breakup - SAS'!$M$5,'[1]Annual fee sales'!$G:$G,'Annual fee sales breakup - SAS'!F104) | N104: =+SUMIFS('[1]Annual fee sales'!$V:$V,'[1]Annual fee sales'!$L:$L,'Annual fee sales breakup - SAS'!$N$5,'[1]Annual fee sales'!$G:$G,'Annual fee sales breakup - SAS'!F104) | O104: 9057.5 | P104: 0 | Q104: =+L104-M104-N104-O104-P104
A105: =+A104+1 | B105: 46106 | C105: SAS BP | D105: 26BP0550 | E105: #N/A | F105: KURAPATI ABHIRAM ABHIRAM | G105: SAS BP GRADE 8 MAGIC BOX BOYS | I105: Grade 8 | L105: 22000 | M105: =+SUMIFS('[1]Annual fee sales'!$V:$V,'[1]Annual fee sales'!$L:$L,'Annual fee sales breakup - SAS'!$M$5,'[1]Annual fee sales'!$G:$G,'Annual fee sales breakup - SAS'!F105) | N105: =+SUMIFS('[1]Annual fee sales'!$V:$V,'[1]Annual fee sales'!$L:$L,'Annual fee sales breakup - SAS'!$N$5,'[1]Annual fee sales'!$G:$G,'Annual fee sales breakup - SAS'!F105) | O105: 0 | P105: 0 | Q105: =+L105-M105-N105-O105-P105
A106: =+A105+1 | B106: 46106 | C106: SAS BP | D106: SC260061 | E106: #N/A | F106: Samrithi Reddy Chettypalli | G106: SAS BP GRADE 8 MAGIC BOX GIRLS | I106: Grade 8 | L106: 22000 | M106: =+SUMIFS('[1]Annual fee sales'!$V:$V,'[1]Annual fee sales'!$L:$L,'Annual fee sales breakup - SAS'!$M$5,'[1]Annual fee sales'!$G:$G,'Annual fee sales breakup - SAS'!F106) | N106: =+SUMIFS('[1]Annual fee sales'!$V:$V,'[1]Annual fee sales'!$L:$L,'Annual fee sales breakup - SAS'!$N$5,'[1]Annual fee sales'!$G:$G,'Annual fee sales breakup - SAS'!F106) | O106: 0 | P106: 0 | Q106: =+L106-M106-N106-O106-P106
A107: =+A106+1 | B107: 46106 | C107: SAS BP | D107: SC260312 | E107: #N/A | F107: Joan Shiju - 1 | G107: SAS BP GRADE 8 MAGIC BOX GIRLS | I107: Grade 8 | L107: 22000 | M107: =+SUMIFS('[1]Annual fee sales'!$V:$V,'[1]Annual fee sales'!$L:$L,'Annual fee sales breakup - SAS'!$M$5,'[1]Annual fee sales'!$G:$G,'Annual fee sales breakup - SAS'!F107) | N107: =+SUMIFS('[1]Annual fee sales'!$V:$V,'[1]Annual fee sales'!$L:$L,'Annual fee sales breakup - SAS'!$N$5,'[1]Annual fee sales'!$G:$G,'Annual fee sales breakup - SAS'!F107) | O107: 0 | P107: 0 | Q107: =+L107-M107-N107-O107-P107
A108: =+A107+1 | B108: 46106 | C108: SAS BP | D108: SC260289 | E108: #N/A | F108: Yeshwasri Annm | G108: SAS BP GRADE 8 MAGIC BOX GIRLS | I108: Grade 8 | L108: 22000 | M108: =+SUMIFS('[1]Annual fee sales'!$V:$V,'[1]Annual fee sales'!$L:$L,'Annual fee sales breakup - SAS'!$M$5,'[1]Annual fee sales'!$G:$G,'Annual fee sales breakup - SAS'!F108) | N108: =+SUMIFS('[1]Annual fee sales'!$V:$V,'[1]Annual fee sales'!$L:$L,'Annual fee sales breakup - SAS'!$N$5,'[1]Annual fee sales'!$G:$G,'Annual fee sales breakup - SAS'!F108) | O108: 0 | P108: 0 | Q108: =+L108-M108-N108-O108-P108
A109: =+A108+1 | B109: 46106 | C109: SAS BP | D109: SC260378 | E109: #N/A | F109: Jahnavi Shree Pala | G109: SAS BP GRADE 8 MAGIC BOX GIRLS | I109: Grade 8 | L109: 22000 | M109: =+SUMIFS('[1]Annual fee sales'!$V:$V,'[1]Annual fee sales'!$L:$L,'Annual fee sales breakup - SAS'!$M$5,'[1]Annual fee sales'!$G:$G,'Annual fee sales breakup - SAS'!F109) | N109: =+SUMIFS('[1]Annual fee sales'!$V:$V,'[1]Annual fee sales'!$L:$L,'Annual fee sales breakup - SAS'!$N$5,'[1]Annual fee sales'!$G:$G,'Annual fee sales breakup - SAS'!F109) | O109: 0 | P109: 0 | Q109: =+L109-M109-N109-O109-P109
A110: =+A109+1 | B110: 46106 | C110: SAS BP | D110: SC260301 | E110: #N/A | F110: Thipparapu Yashaswi | G110: SAS BP GRADE 8 MAGIC BOX GIRLS | I110: Grade 8 | L110: 22000 | M110: =+SUMIFS('[1]Annual fee sales'!$V:$V,'[1]Annual fee sales'!$L:$L,'Annual fee sales breakup - SAS'!$M$5,'[1]Annual fee sales'!$G:$G,'Annual fee sales breakup - SAS'!F110) | N110: =+SUMIFS('[1]Annual fee sales'!$V:$V,'[1]Annual fee sales'!$L:$L,'Annual fee sales breakup - SAS'!$N$5,'[1]Annual fee sales'!$G:$G,'Annual fee sales breakup - SAS'!F110) | O110: 0 | P110: 0 | Q110: =+L110-M110-N110-O110-P110
A111: =+A110+1 | B111: 46106 | C111: SAS BP | D111: SC260113 | E111: #N/A | F111: ETHAN GEORGE MATTHEW | G111: SAS BP LKG MAGIC BOX BOYS | I111: LKG | L111: 11000 | M111: =+SUMIFS('[1]Annual fee sales'!$V:$V,'[1]Annual fee sales'!$L:$L,'Annual fee sales breakup - SAS'!$M$5,'[1]Annual fee sales'!$G:$G,'Annual fee sales breakup - SAS'!F111) | N111: =+SUMIFS('[1]Annual fee sales'!$V:$V,'[1]Annual fee sales'!$L:$L,'Annual fee sales breakup - SAS'!$N$5,'[1]Annual fee sales'!$G:$G,'Annual fee sales breakup - SAS'!F111) | O111: 0 | P111: 0 | Q111: =+L111-M111-N111-O111-P111
A112: =+A111+1 | B112: 46106 | C112: SAS BP | D112: SC260395 | E112: #N/A | F112: Mayank Popuri | G112: SAS BP LKG MAGIC BOX BOYS | I112: LKG | L112: 11000 | M112: =+SUMIFS('[1]Annual fee sales'!$V:$V,'[1]Annual fee sales'!$L:$L,'Annual fee sales breakup - SAS'!$M$5,'[1]Annual fee sales'!$G:$G,'Annual fee sales breakup - SAS'!F112) | N112: =+SUMIFS('[1]Annual fee sales'!$V:$V,'[1]Annual fee sales'!$L:$L,'Annual fee sales breakup - SAS'!$N$5,'[1]Annual fee sales'!$G:$G,'Annual fee sales breakup - SAS'!F112) | O112: 0 | P112: 0 | Q112: =+L112-M112-N112-O112-P112
A113: =+A112+1 | B113: 46106 | C113: SAS BP | D113: SC260207 | E113: #N/A | F113: Prakhyaath Chandakanna - 1 | G113: SAS BP LKG MAGIC BOX BOYS | I113: LKG | L113: 11000 | M113: =+SUMIFS('[1]Annual fee sales'!$V:$V,'[1]Annual fee sales'!$L:$L,'Annual fee sales breakup - SAS'!$M$5,'[1]Annual fee sales'!$G:$G,'Annual fee sales breakup - SAS'!F113) | N113: =+SUMIFS('[1]Annual fee sales'!$V:$V,'[1]Annual fee sales'!$L:$L,'Annual fee sales breakup - SAS'!$N$5,'[1]Annual fee sales'!$G:$G,'Annual fee sales breakup - SAS'!F113) | O113: 0 | P113: 0 | Q113: =+L113-M113-N113-O113-P113
A114: =+A113+1 | B114: 46106 | C114: SAS BP | D114: SC260139 | E114: #N/A | F114: Ruhansh Kalwani | G114: SAS BP LKG MAGIC BOX BOYS | I114: LKG | L114: 11000 | M114: =+SUMIFS('[1]Annual fee sales'!$V:$V,'[1]Annual fee sales'!$L:$L,'Annual fee sales breakup - SAS'!$M$5,'[1]Annual fee sales'!$G:$G,'Annual fee sales breakup - SAS'!F114) | N114: =+SUMIFS('[1]Annual fee sales'!$V:$V,'[1]Annual fee sales'!$L:$L,'Annual fee sales breakup - SAS'!$N$5,'[1]Annual fee sales'!$G:$G,'Annual fee sales breakup - SAS'!F114) | O114: 0 | P114: 0 | Q114: =+L114-M114-N114-O114-P114
A115: =+A114+1 | B115: 46106 | C115: SAS BP | D115: 26BP0616 | E115: #N/A | F115: Matta Nihira | G115: SAS BP LKG MAGIC BOX GIRLS | I115: LKG | L115: 11000 | M115: =+SUMIFS('[1]Annual fee sales'!$V:$V,'[1]Annual fee sales'!$L:$L,'Annual fee sales breakup - SAS'!$M$5,'[1]Annual fee sales'!$G:$G,'Annual fee sales breakup - SAS'!F115) | N115: =+SUMIFS('[1]Annual fee sales'!$V:$V,'[1]Annual fee sales'!$L:$L,'Annual fee sales breakup - SAS'!$N$5,'[1]Annual fee sales'!$G:$G,'Annual fee sales breakup - SAS'!F115) | O115: 0 | P115: 0 | Q115: =+L115-M115-N115-O115-P115
A116: =+A115+1 | B116: 46107 | C116: SAS BP | D116: SC260030 | E116: #N/A | F116: Shivkarthikeya Marka | G116: SAS BP GRADE 1 MAGIC BOX BOYS | I116: Grade 1 | L116: 16500 | M116: =+SUMIFS('[1]Annual fee sales'!$V:$V,'[1]Annual fee sales'!$L:$L,'Annual fee sales breakup - SAS'!$M$5,'[1]Annual fee sales'!$G:$G,'Annual fee sales breakup - SAS'!F116) | N116: =+SUMIFS('[1]Annual fee sales'!$V:$V,'[1]Annual fee sales'!$L:$L,'Annual fee sales breakup - SAS'!$N$5,'[1]Annual fee sales'!$G:$G,'Annual fee sales breakup - SAS'!F116) | O116: 0 | P116: 0 | Q116: =+L116-M116-N116-O116-P116
... A123: =+A122+1 | B123: 46107 | C123: SAS BP | D123: SC260036 | E123: #N/A | F123: Aaron Sathwik Marri | G123: SAS BP GRADE 6 MAGIC BOX BOYS | I123: Grade 6 | L123: 22000 | M123: =+SUMIFS('[1]Annual fee sales'!$V:$V,'[1]Annual fee sales'!$L:$L,'Annual fee sales breakup - SAS'!$M$5,'[1]Annual fee sales'!$G:$G,'Annual fee sales breakup - SAS'!F123) | N123: =+SUMIFS('[1]Annual fee sales'!$V:$V,'[1]Annual fee sales'!$L:$L,'Annual fee sales breakup - SAS'!$N$5,'[1]Annual fee sales'!$G:$G,'Annual fee sales breakup - SAS'!F123) | O123: 0 | P123: 0 | Q123: =+L123-M123-N123-O123-P123
A124: =+A123+1 | B124: 46107 | C124: SAS BP | D124: SC260336 | E124: Delivered | F124: D. Melvin Joseph | G124: SAS BP GRADE 7 MAGIC BOX BOYS | H124: SAS Suchitra Grade 7 BookkitHindi 2nd Lan Tel 3rd Lan | I124: Grade 7 | L124: 22000 | M124: =+SUMIFS('[1]Annual fee sales'!$V:$V,'[1]Annual fee sales'!$L:$L,'Annual fee sales breakup - SAS'!$M$5,'[1]Annual fee sales'!$G:$G,'Annual fee sales breakup - SAS'!F124) | N124: =+SUMIFS('[1]Annual fee sales'!$V:$V,'[1]Annual fee sales'!$L:$L,'Annual fee sales breakup - SAS'!$N$5,'[1]Annual fee sales'!$G:$G,'Annual fee sales breakup - SAS'!F124) | O124: 9411.5 | P124: 0 | Q124: =+L124-M124-N124-O124-P124
A125: =+A124+1 | B125: 46107 | C125: SAS BP | D125: SC260197 | E125: #N/A | F125: AARISH KHAN | G125: SAS BP GRADE 8 MAGIC BOX BOYS | I125: Grade 8 | L125: 22000 | M125: =+SUMIFS('[1]Annual fee sales'!$V:$V,'[1]Annual fee sales'!$L:$L,'Annual fee sales breakup - SAS'!$M$5,'[1]Annual fee sales'!$G:$G,'Annual fee sales breakup - SAS'!F125) | N125: =+SUMIFS('[1]Annual fee sales'!$V:$V,'[1]Annual fee sales'!$L:$L,'Annual fee sales breakup - SAS'!$N$5,'[1]Annual fee sales'!$G:$G,'Annual fee sales breakup - SAS'!F125) | O125: 0 | P125: 0 | Q125: =+L125-M125-N125-O125-P125
A126: =+A125+1 | B126: 46107 | C126: SAS BP | D126: SC260196 | E126: #N/A | F126: Maahira khan | G126: SAS BP GRADE 8 MAGIC BOX GIRLS | I126: Grade 8 | L126: 22000 | M126: =+SUMIFS('[1]Annual fee sales'!$V:$V,'[1]Annual fee sales'!$L:$L,'Annual fee sales breakup - SAS'!$M$5,'[1]Annual fee sales'!$G:$G,'Annual fee sales breakup - SAS'!F126) | N126: =+SUMIFS('[1]Annual fee sales'!$V:$V,'[1]Annual fee sales'!$L:$L,'Annual fee sales breakup - SAS'!$N$5,'[1]Annual fee sales'!$G:$G,'Annual fee sales breakup - SAS'!F126) | O126: 0 | P126: 0 | Q126: =+L126-M126-N126-O126-P126
A127: =+A126+1 | B127: 46107 | C127: SAS BP | D127: SC260184 | E127: #N/A | F127: Ishaan Velmula | G127: SAS BP GRADE 9 MAGIC BOX BOYS | I127: Grade 9 | L127: 22000 | M127: =+SUMIFS('[1]Annual fee sales'!$V:$V,'[1]Annual fee sales'!$L:$L,'Annual fee sales breakup - SAS'!$M$5,'[1]Annual fee sales'!$G:$G,'Annual fee sales breakup - SAS'!F127) | N127: =+SUMIFS('[1]Annual fee sales'!$V:$V,'[1]Annual fee sales'!$L:$L,'Annual fee sales breakup - SAS'!$N$5,'[1]Annual fee sales'!$G:$G,'Annual fee sales breakup - SAS'!F127) | O127: 0 | P127: 0 | Q127: =+L127-M127-N127-O127-P127
A128: =+A127+1 | B128: 46107 | C128: SAS BP | D128: SC260288 | E128: #N/A | F128: Parth Varma Ganapathiraju | G128: SAS BP LKG MAGIC BOX BOYS | I128: LKG | L128: 11000 | M128: =+SUMIFS('[1]Annual fee sales'!$V:$V,'[1]Annual fee sales'!$L:$L,'Annual fee sales breakup - SAS'!$M$5,'[1]Annual fee sales'!$G:$G,'Annual fee sales breakup - SAS'!F128) | N128: =+SUMIFS('[1]Annual fee sales'!$V:$V,'[1]Annual fee sales'!$L:$L,'Annual fee sales breakup - SAS'!$N$5,'[1]Annual fee sales'!$G:$G,'Annual fee sales breakup - SAS'!F128) | O128: 0 | P128: 0 | Q128: =+L128-M128-N128-O128-P128
A129: =+A128+1 | B129: 46107 | C129: SAS BP | D129: SC260271 | E129: #N/A | F129: Shree sharvani Kodithyala | G129: SAS BP LKG MAGIC BOX GIRLS | I129: LKG | L129: 11000 | M129: =+SUMIFS('[1]Annual fee sales'!$V:$V,'[1]Annual fee sales'!$L:$L,'Annual fee sales breakup - SAS'!$M$5,'[1]Annual fee sales'!$G:$G,'Annual fee sales breakup - SAS'!F129) | N129: =+SUMIFS('[1]Annual fee sales'!$V:$V,'[1]Annual fee sales'!$L:$L,'Annual fee sales breakup - SAS'!$N$5,'[1]Annual fee sales'!$G:$G,'Annual fee sales breakup - SAS'!F129) | O129: 0 | P129: 0 | Q129: =+L129-M129-N129-O129-P129
A130: =+A129+1 | B130: 46107 | C130: SAS BP | D130: SC260387 | E130: #N/A | F130: Dhwnit Choudhary | G130: SAS BP UKG MAGIC BOX BOYS | I130: UKG | L130: 11000 | M130: =+SUMIFS('[1]Annual fee sales'!$V:$V,'[1]Annual fee sales'!$L:$L,'Annual fee sales breakup - SAS'!$M$5,'[1]Annual fee sales'!$G:$G,'Annual fee sales breakup - SAS'!F130) | N130: =+SUMIFS('[1]Annual fee sales'!$V:$V,'[1]Annual fee sales'!$L:$L,'Annual fee sales breakup - SAS'!$N$5,'[1]Annual fee sales'!$G:$G,'Annual fee sales breakup - SAS'!F130) | O130: 0 | P130: 0 | Q130: =+L130-M130-N130-O130-P130
A131: =+A130+1 | B131: 46107 | C131: SAS BP | D131: SC260436 | E131: #N/A | F131: N Aayansh | G131: SAS BP UKG MAGIC BOX BOYS | I131: UKG | L131: 11000 | M131: =+SUMIFS('[1]Annual fee sales'!$V:$V,'[1]Annual fee sales'!$L:$L,'Annual fee sales breakup - SAS'!$M$5,'[1]Annual fee sales'!$G:$G,'Annual fee sales breakup - SAS'!F131) | N131: =+SUMIFS('[1]Annual fee sales'!$V:$V,'[1]Annual fee sales'!$L:$L,'Annual fee sales breakup - SAS'!$N$5,'[1]Annual fee sales'!$G:$G,'Annual fee sales breakup - SAS'!F131) | O131: 0 | P131: 0 | Q131: =+L131-M131-N131-O131-P131
A132: =+A131+1 | B132: 46107 | C132: SAS BP | D132: SC260026 | E132: #N/A | F132: Mohammed Miraf Khan | G132: SAS BP UKG MAGIC BOX BOYS | I132: UKG | L132: 11000 | M132: =+SUMIFS('[1]Annual fee sales'!$V:$V,'[1]Annual fee sales'!$L:$L,'Annual fee sales breakup - SAS'!$M$5,'[1]Annual fee sales'!$G:$G,'Annual fee sales breakup - SAS'!F132) | N132: =+SUMIFS('[1]Annual fee sales'!$V:$V,'[1]Annual fee sales'!$L:$L,'Annual fee sales breakup - SAS'!$N$5,'[1]Annual fee sales'!$G:$G,'Annual fee sales breakup - SAS'!F132) | O132: 0 | P132: 0 | Q132: =+L132-M132-N132-O132-P132
A133: =+A132+1 | B133: 46107 | C133: SAS BP | D133: 26BP0606 | E133: #N/A | F133: Yashika Yadav | G133: SAS BP UKG MAGIC BOX GIRLS | I133: UKG | L133: 11000 | M133: =+SUMIFS('[1]Annual fee sales'!$V:$V,'[1]Annual fee sales'!$L:$L,'Annual fee sales breakup - SAS'!$M$5,'[1]Annual fee sales'!$G:$G,'Annual fee sales breakup - SAS'!F133) | N133: =+SUMIFS('[1]Annual fee sales'!$V:$V,'[1]Annual fee sales'!$L:$L,'Annual fee sales breakup - SAS'!$N$5,'[1]Annual fee sales'!$G:$G,'Annual fee sales breakup - SAS'!F133) | O133: 0 | P133: 0 | Q133: =+L133-M133-N133-O133-P133
A134: =+A133+1 | B134: 46107 | C134: SAS BP | D134: SC260023 | E134: #N/A | F134: VARNIKA M | G134: SAS BP UKG MAGIC BOX GIRLS | I134: UKG | L134: 11000 | M134: =+SUMIFS('[1]Annual fee sales'!$V:$V,'[1]Annual fee sales'!$L:$L,'Annual fee sales breakup - SAS'!$M$5,'[1]Annual fee sales'!$G:$G,'Annual fee sales breakup - SAS'!F134) | N134: =+SUMIFS('[1]Annual fee sales'!$V:$V,'[1]Annual fee sales'!$L:$L,'Annual fee sales breakup - SAS'!$N$5,'[1]Annual fee sales'!$G:$G,'Annual fee sales breakup - SAS'!F134) | O134: 0 | P134: 0 | Q134: =+L134-M134-N134-O134-P134
A135: =+A134+1 | B135: 46108 | C135: SAS BP | D135: SC260307 | E135: #N/A | F135: Mohammed AbuBakr Khan | G135: SAS BP GRADE 1 MAGIC BOX BOYS | I135: Grade 1 | L135: 16500 | M135: =+SUMIFS('[1]Annual fee sales'!$V:$V,'[1]Annual fee sales'!$L:$L,'Annual fee sales breakup - SAS'!$M$5,'[1]Annual fee sales'!$G:$G,'Annual fee sales breakup - SAS'!F135) | N135: =+SUMIFS('[1]Annual fee sales'!$V:$V,'[1]Annual fee sales'!$L:$L,'Annual fee sales breakup - SAS'!$N$5,'[1]Annual fee sales'!$G:$G,'Annual fee sales breakup - SAS'!F135) | O135: 0 | P135: 0 | Q135: =+L135-M135-N135-O135-P135
A136: =+A135+1 | B136: 46108 | C136: SAS BP | D136: SC260095 | E136: #N/A | F136: Ayansh Chotrani | G136: SAS BP GRADE 1 MAGIC BOX BOYS | I136: Grade 1 | L136: 16500 | M136: =+SUMIFS('[1]Annual fee sales'!$V:$V,'[1]Annual fee sales'!$L:$L,'Annual fee sales breakup - SAS'!$M$5,'[1]Annual fee sales'!$G:$G,'Annual fee sales breakup - SAS'!F136) | N136: =+SUMIFS('[1]Annual fee sales'!$V:$V,'[1]Annual fee sales'!$L:$L,'Annual fee sales breakup - SAS'!$N$5,'[1]Annual fee sales'!$G:$G,'Annual fee sales breakup - SAS'!F136) | O136: 0 | P136: 0 | Q136: =+L136-M136-N136-O136-P136
... A148: =+A147+1 | B148: 46108 | C148: SAS BP | D148: SC260127 | E148: #N/A | F148: GUNA ADWAITH GOUD T | G148: SAS BP GRADE 3 MAGIC BOX BOYS | I148: Grade 3 | L148: 16500 | M148: =+SUMIFS('[1]Annual fee sales'!$V:$V,'[1]Annual fee sales'!$L:$L,'Annual fee sales breakup - SAS'!$M$5,'[1]Annual fee sales'!$G:$G,'Annual fee sales breakup - SAS'!F148) | N148: =+SUMIFS('[1]Annual fee sales'!$V:$V,'[1]Annual fee sales'!$L:$L,'Annual fee sales breakup - SAS'!$N$5,'[1]Annual fee sales'!$G:$G,'Annual fee sales breakup - SAS'!F148) | O148: 0 | P148: 0 | Q148: =+L148-M148-N148-O148-P148
A149: =+A148+1 | B149: 46108 | C149: SAS BP | D149: SC260347 | E149: Delivered | F149: RUSHANK DARSHAN RANGU | G149: SAS BP GRADE 3 MAGIC BOX BOYS | H149: SAS Suchitra Grade 3 BookkitTelugu 2nd Lan Hin 3rd Lan | I149: Grade 3 | L149: 16500 | M149: =+SUMIFS('[1]Annual fee sales'!$V:$V,'[1]Annual fee sales'!$L:$L,'Annual fee sales breakup - SAS'!$M$5,'[1]Annual fee sales'!$G:$G,'Annual fee sales breakup - SAS'!F149) | N149: =+SUMIFS('[1]Annual fee sales'!$V:$V,'[1]Annual fee sales'!$L:$L,'Annual fee sales breakup - SAS'!$N$5,'[1]Annual fee sales'!$G:$G,'Annual fee sales breakup - SAS'!F149) | O149: 8231 | P149: 0 | Q149: =+L149-M149-N149-O149-P149
A150: =+A149+1 | B150: 46108 | C150: SAS BP | D150: SC260149 | E150: #N/A | F150: Adrina Liza Denzil | G150: SAS BP GRADE 3 MAGIC BOX GIRLS | I150: Grade 3 | L150: 16500 | M150: =+SUMIFS('[1]Annual fee sales'!$V:$V,'[1]Annual fee sales'!$L:$L,'Annual fee sales breakup - SAS'!$M$5,'[1]Annual fee sales'!$G:$G,'Annual fee sales breakup - SAS'!F150) | N150: =+SUMIFS('[1]Annual fee sales'!$V:$V,'[1]Annual fee sales'!$L:$L,'Annual fee sales breakup - SAS'!$N$5,'[1]Annual fee sales'!$G:$G,'Annual fee sales breakup - SAS'!F150) | O150: 0 | P150: 0 | Q150: =+L150-M150-N150-O150-P150
A151: =+A150+1 | B151: 46108 | C151: SAS BP | D151: SC260342 | E151: #N/A | F151: Bonekar Hridhya | G151: SAS BP GRADE 4 MAGIC BOX GIRLS | I151: Grade 4 | L151: 19800 | M151: =+SUMIFS('[1]Annual fee sales'!$V:$V,'[1]Annual fee sales'!$L:$L,'Annual fee sales breakup - SAS'!$M$5,'[1]Annual fee sales'!$G:$G,'Annual fee sales breakup - SAS'!F151) | N151: =+SUMIFS('[1]Annual fee sales'!$V:$V,'[1]Annual fee sales'!$L:$L,'Annual fee sales breakup - SAS'!$N$5,'[1]Annual fee sales'!$G:$G,'Annual fee sales breakup - SAS'!F151) | O151: 0 | P151: 0 | Q151: =+L151-M151-N151-O151-P151
A152: =+A151+1 | B152: 46108 | C152: SAS BP | D152: SC260388 | E152: #N/A | F152: karthikeya abhiram Tatikondala | G152: SAS BP GRADE 5 MAGIC BOX BOYS | I152: Grade 5 | L152: 19800 | M152: =+SUMIFS('[1]Annual fee sales'!$V:$V,'[1]Annual fee sales'!$L:$L,'Annual fee sales breakup - SAS'!$M$5,'[1]Annual fee sales'!$G:$G,'Annual fee sales breakup - SAS'!F152) | N152: =+SUMIFS('[1]Annual fee sales'!$V:$V,'[1]Annual fee sales'!$L:$L,'Annual fee sales breakup - SAS'!$N$5,'[1]Annual fee sales'!$G:$G,'Annual fee sales breakup - SAS'!F152) | O152: 0 | P152: 0 | Q152: =+L152-M152-N152-O152-P152
A153: =+A152+1 | B153: 46108 | C153: SAS BP | D153: SC260424 | E153: #N/A | F153: Vanama Damaruk Saathwik Gupta | G153: SAS BP GRADE 5 MAGIC BOX BOYS | I153: Grade 5 | L153: 19800 | M153: =+SUMIFS('[1]Annual fee sales'!$V:$V,'[1]Annual fee sales'!$L:$L,'Annual fee sales breakup - SAS'!$M$5,'[1]Annual fee sales'!$G:$G,'Annual fee sales breakup - SAS'!F153) | N153: =+SUMIFS('[1]Annual fee sales'!$V:$V,'[1]Annual fee sales'!$L:$L,'Annual fee sales breakup - SAS'!$N$5,'[1]Annual fee sales'!$G:$G,'Annual fee sales breakup - SAS'!F153) | O153: 0 | P153: 0 | Q153: =+L153-M153-N153-O153-P153
A154: =+A153+1 | B154: 46108 | C154: SAS BP | D154: SC260403 | E154: #N/A | F154: Eegala Yeshvi Pradnya | G154: SAS BP GRADE 6 MAGIC BOX GIRLS | I154: Grade 6 | L154: 22000 | M154: =+SUMIFS('[1]Annual fee sales'!$V:$V,'[1]Annual fee sales'!$L:$L,'Annual fee sales breakup - SAS'!$M$5,'[1]Annual fee sales'!$G:$G,'Annual fee sales breakup - SAS'!F154) | N154: =+SUMIFS('[1]Annual fee sales'!$V:$V,'[1]Annual fee sales'!$L:$L,'Annual fee sales breakup - SAS'!$N$5,'[1]Annual fee sales'!$G:$G,'Annual fee sales breakup - SAS'!F154) | O154: 0 | P154: 0 | Q154: =+L154-M154-N154-O154-P154
A155: =+A154+1 | B155: 46108 | C155: SAS BP | D155: SC260155 | E155: #N/A | F155: Bhuvi Gattani | G155: SAS BP GRADE 6 MAGIC BOX GIRLS | I155: Grade 6 | L155: 22000 | M155: =+SUMIFS('[1]Annual fee sales'!$V:$V,'[1]Annual fee sales'!$L:$L,'Annual fee sales breakup - SAS'!$M$5,'[1]Annual fee sales'!$G:$G,'Annual fee sales breakup - SAS'!F155) | N155: =+SUMIFS('[1]Annual fee sales'!$V:$V,'[1]Annual fee sales'!$L:$L,'Annual fee sales breakup - SAS'!$N$5,'[1]Annual fee sales'!$G:$G,'Annual fee sales breakup - SAS'!F155) | O155: 0 | P155: 0 | Q155: =+L155-M155-N155-O155-P155
A156: =+A155+1 | B156: 46108 | C156: SAS BP | D156: 26BP0583 | E156: Delivered | F156: M. Nandan Sri | G156: SAS BP GRADE 7 MAGIC BOX BOYS | H156: SAS Suchitra Grade 7 BookkitTelugu 2nd Lan Hin 3rd Lan | I156: Grade 7 | L156: 22000 | M156: =+SUMIFS('[1]Annual fee sales'!$V:$V,'[1]Annual fee sales'!$L:$L,'Annual fee sales breakup - SAS'!$M$5,'[1]Annual fee sales'!$G:$G,'Annual fee sales breakup - SAS'!F156) | N156: =+SUMIFS('[1]Annual fee sales'!$V:$V,'[1]Annual fee sales'!$L:$L,'Annual fee sales breakup - SAS'!$N$5,'[1]Annual fee sales'!$G:$G,'Annual fee sales breakup - SAS'!F156) | O156: 9061.5 | P156: 0 | Q156: =+L156-M156-N156-O156-P156
A157: =+A156+1 | B157: 46108 | C157: SAS BP | D157: SC260401 | E157: Delivered | F157: Siddarth V P | G157: SAS BP GRADE 7 MAGIC BOX BOYS | H157: SAS Suchitra Grade 7 BookkitTelugu 2nd Lan Hin 3rd Lan | I157: Grade 7 | L157: 22000 | M157: =+SUMIFS('[1]Annual fee sales'!$V:$V,'[1]Annual fee sales'!$L:$L,'Annual fee sales breakup - SAS'!$M$5,'[1]Annual fee sales'!$G:$G,'Annual fee sales breakup - SAS'!F157) | N157: =+SUMIFS('[1]Annual fee sales'!$V:$V,'[1]Annual fee sales'!$L:$L,'Annual fee sales breakup - SAS'!$N$5,'[1]Annual fee sales'!$G:$G,'Annual fee sales breakup - SAS'!F157) | O157: 9061.5 | P157: 0 | Q157: =+L157-M157-N157-O157-P157
A158: =+A157+1 | B158: 46108 | C158: SAS BP | D158: SC260425 | E158: Delivered | F158: Vanama Tejo Amrutha | G158: SAS BP GRADE 7 MAGIC BOX GIRLS | H158: SAS Suchitra Grade 7 BookkitHindi 2nd Lan Tel 3rd Lan | I158: Grade 7 | L158: 22000 | M158: =+SUMIFS('[1]Annual fee sales'!$V:$V,'[1]Annual fee sales'!$L:$L,'Annual fee sales breakup - SAS'!$M$5,'[1]Annual fee sales'!$G:$G,'Annual fee sales breakup - SAS'!F158) | N158: =+SUMIFS('[1]Annual fee sales'!$V:$V,'[1]Annual fee sales'!$L:$L,'Annual fee sales breakup - SAS'!$N$5,'[1]Annual fee sales'!$G:$G,'Annual fee sales breakup - SAS'!F158) | O158: 9411.5 | P158: 0 | Q158: =+L158-M158-N158-O158-P158
A159: =+A158+1 | B159: 46108 | C159: SAS BP | D159: 26BP0565 | E159: #N/A | F159: BOMMA MANYU | G159: SAS BP GRADE 8 MAGIC BOX BOYS | I159: Grade 8 | L159: 22000 | M159: =+SUMIFS('[1]Annual fee sales'!$V:$V,'[1]Annual fee sales'!$L:$L,'Annual fee sales breakup - SAS'!$M$5,'[1]Annual fee sales'!$G:$G,'Annual fee sales breakup - SAS'!F159) | N159: =+SUMIFS('[1]Annual fee sales'!$V:$V,'[1]Annual fee sales'!$L:$L,'Annual fee sales breakup - SAS'!$N$5,'[1]Annual fee sales'!$G:$G,'Annual fee sales breakup - SAS'!F159) | O159: 0 | P159: 0 | Q159: =+L159-M159-N159-O159-P159
A160: =+A159+1 | B160: 46108 | C160: SAS BP | D160: SC260402 | E160: #N/A | F160: Eegala Venkat Trishar Gitansh | G160: SAS BP GRADE 9 MAGIC BOX BOYS | I160: Grade 9 | L160: 22000 | M160: =+SUMIFS('[1]Annual fee sales'!$V:$V,'[1]Annual fee sales'!$L:$L,'Annual fee sales breakup - SAS'!$M$5,'[1]Annual fee sales'!$G:$G,'Annual fee sales breakup - SAS'!F160) | N160: =+SUMIFS('[1]Annual fee sales'!$V:$V,'[1]Annual fee sales'!$L:$L,'Annual fee sales breakup - SAS'!$N$5,'[1]Annual fee sales'!$G:$G,'Annual fee sales breakup - SAS'!F160) | O160: 0 | P160: 0 | Q160: =+L160-M160-N160-O160-P160
A161: =+A160+1 | B161: 46108 | C161: SAS BP | D161: SC260239 | E161: #N/A | F161: Nirved Bikumalla | G161: SAS BP LKG MAGIC BOX BOYS | I161: LKG | L161: 11000 | M161: =+SUMIFS('[1]Annual fee sales'!$V:$V,'[1]Annual fee sales'!$L:$L,'Annual fee sales breakup - SAS'!$M$5,'[1]Annual fee sales'!$G:$G,'Annual fee sales breakup - SAS'!F161) | N161: =+SUMIFS('[1]Annual fee sales'!$V:$V,'[1]Annual fee sales'!$L:$L,'Annual fee sales breakup - SAS'!$N$5,'[1]Annual fee sales'!$G:$G,'Annual fee sales breakup - SAS'!F161) | O161: 0 | P161: 0 | Q161: =+L161-M161-N161-O161-P161
A162: =+A161+1 | B162: 46108 | C162: SAS BP | D162: SC260176 | E162: #N/A | F162: SYED ASAD UR REHMAN AHMED | G162: SAS BP LKG MAGIC BOX BOYS | I162: LKG | L162: 11000 | M162: =+SUMIFS('[1]Annual fee sales'!$V:$V,'[1]Annual fee sales'!$L:$L,'Annual fee sales breakup - SAS'!$M$5,'[1]Annual fee sales'!$G:$G,'Annual fee sales breakup - SAS'!F162) | N162: =+SUMIFS('[1]Annual fee sales'!$V:$V,'[1]Annual fee sales'!$L:$L,'Annual fee sales breakup - SAS'!$N$5,'[1]Annual fee sales'!$G:$G,'Annual fee sales breakup - SAS'!F162) | O162: 0 | P162: 0 | Q162: =+L162-M162-N162-O162-P162
A163: =+A162+1 | B163: 46108 | C163: SAS BP | D163: SC260117 | E163: #N/A | F163: Ankam Tanvika | G163: SAS BP LKG MAGIC BOX GIRLS | I163: LKG | L163: 11000 | M163: =+SUMIFS('[1]Annual fee sales'!$V:$V,'[1]Annual fee sales'!$L:$L,'Annual fee sales breakup - SAS'!$M$5,'[1]Annual fee sales'!$G:$G,'Annual fee sales breakup - SAS'!F163) | N163: =+SUMIFS('[1]Annual fee sales'!$V:$V,'[1]Annual fee sales'!$L:$L,'Annual fee sales breakup - SAS'!$N$5,'[1]Annual fee sales'!$G:$G,'Annual fee sales breakup - SAS'!F163) | O163: 0 | P163: 0 | Q163: =+L163-M163-N163-O163-P163
A164: =+A163+1 | B164: 46108 | C164: SAS BP | D164: SC260293 | E164: #N/A | F164: Zane Michael Kadari | G164: SAS BP NURSERY MAGIC BOX BOYS | I164: Nursery | L164: 11000 | M164: =+SUMIFS('[1]Annual fee sales'!$V:$V,'[1]Annual fee sales'!$L:$L,'Annual fee sales breakup - SAS'!$M$5,'[1]Annual fee sales'!$G:$G,'Annual fee sales breakup - SAS'!F164) | N164: =+SUMIFS('[1]Annual fee sales'!$V:$V,'[1]Annual fee sales'!$L:$L,'Annual fee sales breakup - SAS'!$N$5,'[1]Annual fee sales'!$G:$G,'Annual fee sales breakup - SAS'!F164) | O164: 0 | P164: 0 | Q164: =+L164-M164-N164-O164-P164
A165: =+A164+1 | B165: 46108 | C165: SAS BP | D165: SC260474 | E165: #N/A | F165: Hazel Natasha Samuel | G165: SAS BP NURSERY MAGIC BOX GIRLS | I165: Nursery | L165: 11000 | M165: =+SUMIFS('[1]Annual fee sales'!$V:$V,'[1]Annual fee sales'!$L:$L,'Annual fee sales breakup - SAS'!$M$5,'[1]Annual fee sales'!$G:$G,'Annual fee sales breakup - SAS'!F165) | N165: =+SUMIFS('[1]Annual fee sales'!$V:$V,'[1]Annual fee sales'!$L:$L,'Annual fee sales breakup - SAS'!$N$5,'[1]Annual fee sales'!$G:$G,'Annual fee sales breakup - SAS'!F165) | O165: 0 | P165: 0 | Q165: =+L165-M165-N165-O165-P165
A166: =+A165+1 | B166: 46108 | C166: SAS BP | D166: SC260131 | E166: #N/A | F166: Jasra Zayn M | G166: SAS BP NURSERY MAGIC BOX GIRLS | I166: Nursery | L166: 11000 | M166: =+SUMIFS('[1]Annual fee sales'!$V:$V,'[1]Annual fee sales'!$L:$L,'Annual fee sales breakup - SAS'!$M$5,'[1]Annual fee sales'!$G:$G,'Annual fee sales breakup - SAS'!F166) | N166: =+SUMIFS('[1]Annual fee sales'!$V:$V,'[1]Annual fee sales'!$L:$L,'Annual fee sales breakup - SAS'!$N$5,'[1]Annual fee sales'!$G:$G,'Annual fee sales breakup - SAS'!F166) | O166: 0 | P166: 0 | Q166: =+L166-M166-N166-O166-P166
A167: =+A166+1 | B167: 46108 | C167: SAS BP | D167: SC260114 | E167: #N/A | F167: PULUCHERU RAHUL VEDANSH | G167: SAS BP UKG MAGIC BOX BOYS | I167: UKG | L167: 11000 | M167: =+SUMIFS('[1]Annual fee sales'!$V:$V,'[1]Annual fee sales'!$L:$L,'Annual fee sales breakup - SAS'!$M$5,'[1]Annual fee sales'!$G:$G,'Annual fee sales breakup - SAS'!F167) | N167: =+SUMIFS('[1]Annual fee sales'!$V:$V,'[1]Annual fee sales'!$L:$L,'Annual fee sales breakup - SAS'!$N$5,'[1]Annual fee sales'!$G:$G,'Annual fee sales breakup - SAS'!F167) | O167: 0 | P167: 0 | Q167: =+L167-M167-N167-O167-P167
A168: =+A167+1 | B168: 46109 | C168: SAS BP | D168: SC260086 | E168: #N/A | F168: SHAURYA OJAS CHANDESHWARE | G168: SAS BP GRADE 1 MAGIC BOX BOYS | I168: Grade 1 | L168: 16500 | M168: =+SUMIFS('[1]Annual fee sales'!$V:$V,'[1]Annual fee sales'!$L:$L,'Annual fee sales breakup - SAS'!$M$5,'[1]Annual fee sales'!$G:$G,'Annual fee sales breakup - SAS'!F168) | N168: =+SUMIFS('[1]Annual fee sales'!$V:$V,'[1]Annual fee sales'!$L:$L,'Annual fee sales breakup - SAS'!$N$5,'[1]Annual fee sales'!$G:$G,'Annual fee sales breakup - SAS'!F168) | O168: 0 | P168: 0 | Q168: =+L168-M168-N168-O168-P168
A169: =+A168+1 | B169: 46109 | C169: SAS BP | D169: SC260209 | E169: #N/A | F169: Dharshik Agrawal | G169: SAS BP GRADE 1 MAGIC BOX BOYS | I169: Grade 1 | L169: 16500 | M169: =+SUMIFS('[1]Annual fee sales'!$V:$V,'[1]Annual fee sales'!$L:$L,'Annual fee sales breakup - SAS'!$M$5,'[1]Annual fee sales'!$G:$G,'Annual fee sales breakup - SAS'!F169) | N169: =+SUMIFS('[1]Annual fee sales'!$V:$V,'[1]Annual fee sales'!$L:$L,'Annual fee sales breakup - SAS'!$N$5,'[1]Annual fee sales'!$G:$G,'Annual fee sales breakup - SAS'!F169) | O169: 0 | P169: 0 | Q169: =+L169-M169-N169-O169-P169
A170: =+A169+1 | B170: 46109 | C170: SAS BP | D170: SC260035 | E170: #N/A | F170: Riza Ibrahim Khan | G170: SAS BP GRADE 1 MAGIC BOX GIRLS | I170: Grade 1 | L170: 16500 | M170: =+SUMIFS('[1]Annual fee sales'!$V:$V,'[1]Annual fee sales'!$L:$L,'Annual fee sales breakup - SAS'!$M$5,'[1]Annual fee sales'!$G:$G,'Annual fee sales breakup - SAS'!F170) | N170: =+SUMIFS('[1]Annual fee sales'!$V:$V,'[1]Annual fee sales'!$L:$L,'Annual fee sales breakup - SAS'!$N$5,'[1]Annual fee sales'!$G:$G,'Annual fee sales breakup - SAS'!F170) | O170: 0 | P170: 0 | Q170: =+L170-M170-N170-O170-P170
A171: =+A170+1 | B171: 46109 | C171: SAS BP | D171: SC260215 | E171: #N/A | F171: Syed Ahnaf | G171: SAS BP GRADE 2 MAGIC BOX BOYS | I171: Grade 2 | L171: 16500 | M171: =+SUMIFS('[1]Annual fee sales'!$V:$V,'[1]Annual fee sales'!$L:$L,'Annual fee sales breakup - SAS'!$M$5,'[1]Annual fee sales'!$G:$G,'Annual fee sales breakup - SAS'!F171) | N171: =+SUMIFS('[1]Annual fee sales'!$V:$V,'[1]Annual fee sales'!$L:$L,'Annual fee sales breakup - SAS'!$N$5,'[1]Annual fee sales'!$G:$G,'Annual fee sales breakup - SAS'!F171) | O171: 0 | P171: 0 | Q171: =+L171-M171-N171-O171-P171
A172: =+A171+1 | B172: 46109 | C172: SAS BP | D172: 26BP0533 | E172: Delivered | F172: Sivampeta shreyansh | G172: SAS BP GRADE 3 MAGIC BOX BOYS | H172: SAS Suchitra Grade 3 BookkitTelugu 2nd Lan Hin 3rd Lan | I172: Grade 3 | L172: 16500 | M172: =+SUMIFS('[1]Annual fee sales'!$V:$V,'[1]Annual fee sales'!$L:$L,'Annual fee sales breakup - SAS'!$M$5,'[1]Annual fee sales'!$G:$G,'Annual fee sales breakup - SAS'!F172) | N172: =+SUMIFS('[1]Annual fee sales'!$V:$V,'[1]Annual fee sales'!$L:$L,'Annual fee sales breakup - SAS'!$N$5,'[1]Annual fee sales'!$G:$G,'Annual fee sales breakup - SAS'!F172) | O172: 8231 | P172: 0 | Q172: =+L172-M172-N172-O172-P172
A173: =+A172+1 | B173: 46109 | C173: SAS BP | D173: SC260190 | E173: #N/A | F173: Hetwik Mandava | G173: SAS BP GRADE 4 MAGIC BOX BOYS | I173: Grade 4 | L173: 19800 | M173: =+SUMIFS('[1]Annual fee sales'!$V:$V,'[1]Annual fee sales'!$L:$L,'Annual fee sales breakup - SAS'!$M$5,'[1]Annual fee sales'!$G:$G,'Annual fee sales breakup - SAS'!F173) | N173: =+SUMIFS('[1]Annual fee sales'!$V:$V,'[1]Annual fee sales'!$L:$L,'Annual fee sales breakup - SAS'!$N$5,'[1]Annual fee sales'!$G:$G,'Annual fee sales breakup - SAS'!F173) | O173: 0 | P173: 0 | Q173: =+L173-M173-N173-O173-P173
A174: =+A173+1 | B174: 46109 | C174: SAS BP | D174: 26BP0568 | E174: #N/A | F174: Yuvraj Singh Marok | G174: SAS BP GRADE 5 MAGIC BOX BOYS | I174: Grade 5 | L174: 19800 | M174: =+SUMIFS('[1]Annual fee sales'!$V:$V,'[1]Annual fee sales'!$L:$L,'Annual fee sales breakup - SAS'!$M$5,'[1]Annual fee sales'!$G:$G,'Annual fee sales breakup - SAS'!F174) | N174: =+SUMIFS('[1]Annual fee sales'!$V:$V,'[1]Annual fee sales'!$L:$L,'Annual fee sales breakup - SAS'!$N$5,'[1]Annual fee sales'!$G:$G,'Annual fee sales breakup - SAS'!F174) | O174: 0 | P174: 0 | Q174: =+L174-M174-N174-O174-P174
A175: =+A174+1 | B175: 46109 | C175: SAS BP | D175: SC260372 | E175: #N/A | F175: Ananya Priyadarshinee Pradhan | G175: SAS BP GRADE 5 MAGIC BOX GIRLS | I175: Grade 5 | L175: 19800 | M175: =+SUMIFS('[1]Annual fee sales'!$V:$V,'[1]Annual fee sales'!$L:$L,'Annual fee sales breakup - SAS'!$M$5,'[1]Annual fee sales'!$G:$G,'Annual fee sales breakup - SAS'!F175) | N175: =+SUMIFS('[1]Annual fee sales'!$V:$V,'[1]Annual fee sales'!$L:$L,'Annual fee sales breakup - SAS'!$N$5,'[1]Annual fee sales'!$G:$G,'Annual fee sales breakup - SAS'!F175) | O175: 0 | P175: 0 | Q175: =+L175-M175-N175-O175-P175
A176: =+A175+1 | B176: 46109 | C176: SAS BP | D176: SC260257 | E176: #N/A | F176: Endla Srikruthi | G176: SAS BP GRADE 5 MAGIC BOX GIRLS | I176: Grade 5 | L176: 19800 | M176: =+SUMIFS('[1]Annual fee sales'!$V:$V,'[1]Annual fee sales'!$L:$L,'Annual fee sales breakup - SAS'!$M$5,'[1]Annual fee sales'!$G:$G,'Annual fee sales breakup - SAS'!F176) | N176: =+SUMIFS('[1]Annual fee sales'!$V:$V,'[1]Annual fee sales'!$L:$L,'Annual fee sales breakup - SAS'!$N$5,'[1]Annual fee sales'!$G:$G,'Annual fee sales breakup - SAS'!F176) | O176: 0 | P176: 0 | Q176: =+L176-M176-N176-O176-P176
A177: =+A176+1 | B177: 46109 | C177: SAS BP | D177: SC260373 | E177: #N/A | F177: Anish Reddy Gunukula | G177: SAS BP GRADE 6 MAGIC BOX BOYS | I177: Grade 6 | L177: 22000 | M177: =+SUMIFS('[1]Annual fee sales'!$V:$V,'[1]Annual fee sales'!$L:$L,'Annual fee sales breakup - SAS'!$M$5,'[1]Annual fee sales'!$G:$G,'Annual fee sales breakup - SAS'!F177) | N177: =+SUMIFS('[1]Annual fee sales'!$V:$V,'[1]Annual fee sales'!$L:$L,'Annual fee sales breakup - SAS'!$N$5,'[1]Annual fee sales'!$G:$G,'Annual fee sales breakup - SAS'!F177) | O177: 0 | P177: 0 | Q177: =+L177-M177-N177-O177-P177
A178: =+A177+1 | B178: 46109 | C178: SAS BP | D178: SC260502 | E178: Delivered | F178: Ruthwik Sai Konda | G178: SAS BP GRADE 7 MAGIC BOX BOYS | H178: SAS Suchitra Grade 7 BookkitHindi 2nd Lan Tel 3rd Lan | I178: Grade 7 | L178: 22000 | M178: =+SUMIFS('[1]Annual fee sales'!$V:$V,'[1]Annual fee sales'!$L:$L,'Annual fee sales breakup - SAS'!$M$5,'[1]Annual fee sales'!$G:$G,'Annual fee sales breakup - SAS'!F178) | N178: =+SUMIFS('[1]Annual fee sales'!$V:$V,'[1]Annual fee sales'!$L:$L,'Annual fee sales breakup - SAS'!$N$5,'[1]Annual fee sales'!$G:$G,'Annual fee sales breakup - SAS'!F178) | O178: 9411.5 | P178: 0 | Q178: =+L178-M178-N178-O178-P178
A179: =+A178+1 | B179: 46109 | C179: SAS BP | D179: SC260356 | E179: #N/A | F179: PALAKURTHI TAKSHEEL | G179: SAS BP GRADE 8 MAGIC BOX BOYS | I179: Grade 8 | L179: 22000 | M179: =+SUMIFS('[1]Annual fee sales'!$V:$V,'[1]Annual fee sales'!$L:$L,'Annual fee sales breakup - SAS'!$M$5,'[1]Annual fee sales'!$G:$G,'Annual fee sales breakup - SAS'!F179) | N179: =+SUMIFS('[1]Annual fee sales'!$V:$V,'[1]Annual fee sales'!$L:$L,'Annual fee sales breakup - SAS'!$N$5,'[1]Annual fee sales'!$G:$G,'Annual fee sales breakup - SAS'!F179) | O179: 0 | P179: 0 | Q179: =+L179-M179-N179-O179-P179
A180: =+A179+1 | B180: 46109 | C180: SAS BP | D180: SC260122 | E180: Delivered | F180: Hanzala Arham Mohammad | G180: SAS BP GRADE 8 MAGIC BOX BOYS | H180: SAS Suchitra Grade 8 BookkitTelugu 2nd Lan Hin 3rd Lan | I180: Grade 8 | L180: 22000 | M180: =+SUMIFS('[1]Annual fee sales'!$V:$V,'[1]Annual fee sales'!$L:$L,'Annual fee sales breakup - SAS'!$M$5,'[1]Annual fee sales'!$G:$G,'Annual fee sales breakup - SAS'!F180) | N180: =+SUMIFS('[1]Annual fee sales'!$V:$V,'[1]Annual fee sales'!$L:$L,'Annual fee sales breakup - SAS'!$N$5,'[1]Annual fee sales'!$G:$G,'Annual fee sales breakup - SAS'!F180) | O180: 9057.5 | P180: 0 | Q180: =+L180-M180-N180-O180-P180
...

Sheet SMS
A1: S.No | B1: Receipt Date | C1: School Name | D1: Enrollment NO | E1: Delivery status | F1: Student Name | G1: Description | H1: Language of Book | I1: Grade | J1: Receipt No | K1: Fee Type | L1: Total
A2: 1 | B2: 46098 | C2: SAS BP | D2: SC260407 | E2: #N/A | F2: Ivan Prince | G2: SAS BP LKG MAGIC BOX BOYS | I2: LKG | L2: 11000
A3: 2 | B3: 46098 | C3: SAS BP | D3: SC260267 | E3: #N/A | F3: Devansh Yadav Addu | G3: SAS BP LKG MAGIC BOX BOYS | I3: LKG | L3: 11000
A4: 3 | B4: 46098 | C4: SAS BP | D4: 26BP0558 | E4: #N/A | F4: DANDA ADHVITHA REDDY | G4: SAS BP LKG MAGIC BOX GIRLS | I4: LKG | L4: 11000
A5: 4 | B5: 46098 | C5: SAS BP | D5: SC260076 | E5: #N/A | F5: Yuvika Reddy Musani | G5: SAS BP UKG MAGIC BOX GIRLS | I5: UKG | L5: 11000
A6: 5 | B6: 46099 | C6: SAS BP | D6: SC260174 | E6: #N/A | F6: Eavanshi Bommala | G6: SAS BP LKG MAGIC BOX GIRLS | I6: LKG | L6: 11000
A7: 6 | B7: 46099 | C7: SAS BP | D7: SC260132 | E7: #N/A | F7: Shreya L S | G7: SAS BP NURSERY MAGIC BOX GIRLS | I7: Nursery | L7: 11000
A8: 7 | B8: 46099 | C8: SAS BP | D8: SC260092 | E8: #N/A | F8: Sushrut Saleel Limaye | G8: SAS BP UKG MAGIC BOX BOYS | I8: UKG | L8: 11000
A9: 8 | B9: 46099 | C9: SAS BP | D9: SC260145 | E9: #N/A | F9: Atharv Garipally | G9: SAS BP UKG MAGIC BOX BOYS | I9: UKG | L9: 11000
A10: 9 | B10: 46099 | C10: SAS BP | D10: SC260081 | E10: #N/A | F10: Purvansh Nelly | G10: SAS BP UKG MAGIC BOX BOYS | I10: UKG | L10: 11000
A11: 10 | B11: 46100 | C11: SAS BP | D11: SC260122 | E11: #N/A | F11: Hanzala Arham Mohammad - 1 | G11: SAS BP GRADE 1 MAGIC BOX BOYS | I11: Grade 1 | L11: 16500
A12: 11 | B12: 46100 | C12: SAS BP | D12: 26BP0532 | E12: #N/A | F12: RIYANSH DIGIJARLA | G12: SAS BP GRADE 1 MAGIC BOX BOYS | I12: Grade 1 | L12: 16500
A13: 12 | B13: 46100 | C13: SAS BP | D13: SC260147 | E13: #N/A | F13: Kopparapu Sri Dhruti | G13: SAS BP GRADE 1 MAGIC BOX GIRLS | I13: Grade 1 | L13: 16500
... A75: 74 | B75: 46106 | C75: SAS BP | D75: SC260470 | E75: #N/A | F75: Nivaan Varma | G75: SAS BP GRADE 3 MAGIC BOX BOYS | I75: Grade 3 | L75: 16500
A76: 75 | B76: 46106 | C76: SAS BP | D76: SC260059 | E76: Delivered | F76: Ashrith Ranga Reddy Panyala | G76: SAS BP GRADE 3 MAGIC BOX BOYS | H76: SAS Suchitra Grade 3 BookkitTelugu 2nd Lan Hin 3rd Lan | I76: Grade 3 | L76: 16500
A77: 76 | B77: 46106 | C77: SAS BP | D77: SC260062 | E77: #N/A | F77: Sanjay Peram - 1 | G77: SAS BP GRADE 3 MAGIC BOX BOYS | I77: Grade 3 | L77: 16500
A78: 77 | B78: 46106 | C78: SAS BP | D78: SC260362 | E78: #N/A | F78: Kalle Shreenidhi | G78: SAS BP GRADE 3 MAGIC BOX GIRLS | I78: Grade 3 | L78: 16500
A79: 78 | B79: 46106 | C79: SAS BP | D79: SC260348 | E79: #N/A | F79: Vatte Raghava Reddy | G79: SAS BP GRADE 4 MAGIC BOX BOYS | I79: Grade 4 | L79: 19800
A80: 79 | B80: 46106 | C80: SAS BP | D80: SC260316 | E80: #N/A | F80: Bahulya Goud Kothinti | G80: SAS BP GRADE 4 MAGIC BOX BOYS | I80: Grade 4 | L80: 19800
A81: 80 | B81: 46106 | C81: SAS BP | D81: SC260226 | E81: #N/A | F81: Velisetty Aashrith Krishna | G81: SAS BP GRADE 4 MAGIC BOX BOYS | I81: Grade 4 | L81: 19800
A82: 81 | B82: 46106 | C82: SAS BP | D82: SC260120 | E82: #N/A | F82: Samaira Palanki | G82: SAS BP GRADE 4 MAGIC BOX GIRLS | I82: Grade 4 | L82: 19800
A83: 82 | B83: 46106 | C83: SAS BP | D83: SC260019 | E83: #N/A | F83: YASHITHA PAMU | G83: SAS BP GRADE 4 MAGIC BOX GIRLS | I83: Grade 4 | L83: 19800
A84: 83 | B84: 46106 | C84: SAS BP | D84: SC260300 | E84: #N/A | F84: Aadhya Thipparapu | G84: SAS BP GRADE 4 MAGIC BOX GIRLS | I84: Grade 4 | L84: 19800
A85: 84 | B85: 46106 | C85: SAS BP | D85: SC260189 | E85: #N/A | F85: Arra Venkat varun Reddy | G85: SAS BP GRADE 5 MAGIC BOX BOYS | I85: Grade 5 | L85: 19800
A86: 85 | B86: 46106 | C86: SAS BP | D86: SC260526 | E86: #N/A | F86: Simeon Shalom Chettupally | G86: SAS BP GRADE 5 MAGIC BOX BOYS | I86: Grade 5 | L86: 19800
A87: 86 | B87: 46106 | C87: SAS BP | D87: SC260194 | E87: #N/A | F87: Charvi Sai Vecham | G87: SAS BP GRADE 5 MAGIC BOX GIRLS | I87: Grade 5 | L87: 19800
A88: 87 | B88: 46106 | C88: SAS BP | D88: 26BP0523 | E88: #N/A | F88: SANVI SARISA | G88: SAS BP GRADE 5 MAGIC BOX GIRLS | I88: Grade 5 | L88: 19800
... A92: 91 | B92: 46106 | C92: SAS BP | D92: SC260018 | E92: #N/A | F92: SAHASRA PAMU - 1 | G92: SAS BP GRADE 6 MAGIC BOX GIRLS | I92: Grade 6 | L92: 22000
A93: 92 | B93: 46106 | C93: SAS BP | D93: SC260028 | E93: Delivered | F93: SUHAS REDDY KOTA - 1 | G93: SAS BP GRADE 7 MAGIC BOX BOYS | H93: SAS Suchitra Grade 7 BookkitHindi 2nd Lan Tel 3rd Lan | I93: Grade 7 | L93: 22000
A94: 93 | B94: 46106 | C94: SAS BP | D94: SC260006 | E94: #N/A | F94: Thumma Sushanth Reddy | G94: SAS BP GRADE 7 MAGIC BOX BOYS | I94: Grade 7 | L94: 22000
A95: 94 | B95: 46106 | C95: SAS BP | D95: SC260361 | E95: Delivered | F95: Siva Mohit Reddy Satti | G95: SAS BP GRADE 7 MAGIC BOX BOYS | H95: SAS Suchitra Grade 7 BookkitTelugu 2nd Lan Hin 3rd Lan | I95: Grade 7 | L95: 22000
A96: 95 | B96: 46106 | C96: SAS BP | D96: SC260175 | E96: Delivered | F96: Aarvi Prashant Konda | G96: SAS BP GRADE 7 MAGIC BOX GIRLS | H96: SAS Suchitra Grade 7 BookkitHindi 2nd Lan Tel 3rd Lan | I96: Grade 7 | L96: 22000
A97: 96 | B97: 46106 | C97: SAS BP | D97: SC260165 | E97: Delivered | F97: Anvitha Bitla | G97: SAS BP GRADE 7 MAGIC BOX GIRLS | H97: SAS Suchitra Grade 7 BookkitTelugu 2nd Lan Hin 3rd Lan | I97: Grade 7 | L97: 22000
A98: 97 | B98: 46106 | C98: SAS BP | D98: 26BP0594 | E98: Delivered | F98: Varenya Kunapuli | G98: SAS BP GRADE 7 MAGIC BOX GIRLS | H98: SAS Suchitra Grade 7 BookkitHindi 2nd Lan Tel 3rd Lan | I98: Grade 7 | L98: 22000
A99: 98 | B99: 46106 | C99: SAS BP | D99: SC260338 | E99: #N/A | F99: Nimmala Varshith kumar | G99: SAS BP GRADE 8 MAGIC BOX BOYS | I99: Grade 8 | L99: 22000
A100: 99 | B100: 46106 | C100: SAS BP | D100: SC260037 | E100: Delivered | F100: VENKATA HANSITH MADDURI | G100: SAS BP GRADE 8 MAGIC BOX BOYS | H100: SAS Suchitra Grade 8 BookkitTelugu 2nd Lan Hin 3rd Lan | I100: Grade 8 | L100: 22000
A101: 100 | B101: 46106 | C101: SAS BP | D101: 26BP0550 | E101: #N/A | F101: KURAPATI ABHIRAM ABHIRAM | G101: SAS BP GRADE 8 MAGIC BOX BOYS | I101: Grade 8 | L101: 22000
A102: 101 | B102: 46106 | C102: SAS BP | D102: SC260061 | E102: #N/A | F102: Samrithi Reddy Chettypalli | G102: SAS BP GRADE 8 MAGIC BOX GIRLS | I102: Grade 8 | L102: 22000
A103: 102 | B103: 46106 | C103: SAS BP | D103: SC260312 | E103: #N/A | F103: Joan Shiju - 1 | G103: SAS BP GRADE 8 MAGIC BOX GIRLS | I103: Grade 8 | L103: 22000
A104: 103 | B104: 46106 | C104: SAS BP | D104: SC260289 | E104: #N/A | F104: Yeshwasri Annm | G104: SAS BP GRADE 8 MAGIC BOX GIRLS | I104: Grade 8 | L104: 22000
A105: 104 | B105: 46106 | C105: SAS BP | D105: SC260378 | E105: #N/A | F105: Jahnavi Shree Pala | G105: SAS BP GRADE 8 MAGIC BOX GIRLS | I105: Grade 8 | L105: 22000
A106: 105 | B106: 46106 | C106: SAS BP | D106: SC260301 | E106: #N/A | F106: Thipparapu Yashaswi | G106: SAS BP GRADE 8 MAGIC BOX GIRLS | I106: Grade 8 | L106: 22000
A107: 106 | B107: 46106 | C107: SAS BP | D107: SC260113 | E107: #N/A | F107: ETHAN GEORGE MATTHEW | G107: SAS BP LKG MAGIC BOX BOYS | I107: LKG | L107: 11000
A108: 107 | B108: 46106 | C108: SAS BP | D108: SC260395 | E108: #N/A | F108: Mayank Popuri | G108: SAS BP LKG MAGIC BOX BOYS | I108: LKG | L108: 11000
A109: 108 | B109: 46106 | C109: SAS BP | D109: SC260207 | E109: #N/A | F109: Prakhyaath Chandakanna - 1 | G109: SAS BP LKG MAGIC BOX BOYS | I109: LKG | L109: 11000
A110: 109 | B110: 46106 | C110: SAS BP | D110: SC260139 | E110: #N/A | F110: Ruhansh Kalwani | G110: SAS BP LKG MAGIC BOX BOYS | I110: LKG | L110: 11000
A111: 110 | B111: 46106 | C111: SAS BP | D111: 26BP0616 | E111: #N/A | F111: Matta Nihira | G111: SAS BP LKG MAGIC BOX GIRLS | I111: LKG | L111: 11000
A112: 111 | B112: 46107 | C112: SAS BP | D112: SC260030 | E112: #N/A | F112: Shivkarthikeya Marka | G112: SAS BP GRADE 1 MAGIC BOX BOYS | I112: Grade 1 | L112: 16500
... A119: 118 | B119: 46107 | C119: SAS BP | D119: SC260036 | E119: #N/A | F119: Aaron Sathwik Marri | G119: SAS BP GRADE 6 MAGIC BOX BOYS | I119: Grade 6 | L119: 22000
A120: 119 | B120: 46107 | C120: SAS BP | D120: SC260336 | E120: Delivered | F120: D. Melvin Joseph | G120: SAS BP GRADE 7 MAGIC BOX BOYS | H120: SAS Suchitra Grade 7 BookkitHindi 2nd Lan Tel 3rd Lan | I120: Grade 7 | L120: 22000
A121: 120 | B121: 46107 | C121: SAS BP | D121: SC260197 | E121: #N/A | F121: AARISH KHAN | G121: SAS BP GRADE 8 MAGIC BOX BOYS | I121: Grade 8 | L121: 22000
A122: 121 | B122: 46107 | C122: SAS BP | D122: SC260196 | E122: #N/A | F122: Maahira khan | G122: SAS BP GRADE 8 MAGIC BOX GIRLS | I122: Grade 8 | L122: 22000
A123: 122 | B123: 46107 | C123: SAS BP | D123: SC260184 | E123: #N/A | F123: Ishaan Velmula | G123: SAS BP GRADE 9 MAGIC BOX BOYS | I123: Grade 9 | L123: 22000
A124: 123 | B124: 46107 | C124: SAS BP | D124: SC260288 | E124: #N/A | F124: Parth Varma Ganapathiraju | G124: SAS BP LKG MAGIC BOX BOYS | I124: LKG | L124: 11000
A125: 124 | B125: 46107 | C125: SAS BP | D125: SC260271 | E125: #N/A | F125: Shree sharvani Kodithyala | G125: SAS BP LKG MAGIC BOX GIRLS | I125: LKG | L125: 11000
A126: 125 | B126: 46107 | C126: SAS BP | D126: SC260387 | E126: #N/A | F126: Dhwnit Choudhary | G126: SAS BP UKG MAGIC BOX BOYS | I126: UKG | L126: 11000
A127: 126 | B127: 46107 | C127: SAS BP | D127: SC260436 | E127: #N/A | F127: N Aayansh | G127: SAS BP UKG MAGIC BOX BOYS | I127: UKG | L127: 11000
A128: 127 | B128: 46107 | C128: SAS BP | D128: SC260026 | E128: #N/A | F128: Mohammed Miraf Khan | G128: SAS BP UKG MAGIC BOX BOYS | I128: UKG | L128: 11000
A129: 128 | B129: 46107 | C129: SAS BP | D129: 26BP0606 | E129: #N/A | F129: Yashika Yadav | G129: SAS BP UKG MAGIC BOX GIRLS | I129: UKG | L129: 11000
A130: 129 | B130: 46107 | C130: SAS BP | D130: SC260023 | E130: #N/A | F130: VARNIKA M | G130: SAS BP UKG MAGIC BOX GIRLS | I130: UKG | L130: 11000
A131: 130 | B131: 46108 | C131: SAS BP | D131: SC260307 | E131: #N/A | F131: Mohammed AbuBakr Khan | G131: SAS BP GRADE 1 MAGIC BOX BOYS | I131: Grade 1 | L131: 16500
A132: 131 | B132: 46108 | C132: SAS BP | D132: SC260095 | E132: #N/A | F132: Ayansh Chotrani | G132: SAS BP GRADE 1 MAGIC BOX BOYS | I132: Grade 1 | L132: 16500
... A144: 143 | B144: 46108 | C144: SAS BP | D144: SC260127 | E144: #N/A | F144: GUNA ADWAITH GOUD T | G144: SAS BP GRADE 3 MAGIC BOX BOYS | I144: Grade 3 | L144: 16500
A145: 144 | B145: 46108 | C145: SAS BP | D145: SC260347 | E145: Delivered | F145: RUSHANK DARSHAN RANGU | G145: SAS BP GRADE 3 MAGIC BOX BOYS | H145: SAS Suchitra Grade 3 BookkitTelugu 2nd Lan Hin 3rd Lan | I145: Grade 3 | L145: 16500
A146: 145 | B146: 46108 | C146: SAS BP | D146: SC260149 | E146: #N/A | F146: Adrina Liza Denzil | G146: SAS BP GRADE 3 MAGIC BOX GIRLS | I146: Grade 3 | L146: 16500
A147: 146 | B147: 46108 | C147: SAS BP | D147: SC260342 | E147: #N/A | F147: Bonekar Hridhya | G147: SAS BP GRADE 4 MAGIC BOX GIRLS | I147: Grade 4 | L147: 19800
A148: 147 | B148: 46108 | C148: SAS BP | D148: SC260388 | E148: #N/A | F148: karthikeya abhiram Tatikondala | G148: SAS BP GRADE 5 MAGIC BOX BOYS | I148: Grade 5 | L148: 19800
A149: 148 | B149: 46108 | C149: SAS BP | D149: SC260424 | E149: #N/A | F149: Vanama Damaruk Saathwik Gupta | G149: SAS BP GRADE 5 MAGIC BOX BOYS | I149: Grade 5 | L149: 19800
A150: 149 | B150: 46108 | C150: SAS BP | D150: SC260403 | E150: #N/A | F150: Eegala Yeshvi Pradnya | G150: SAS BP GRADE 6 MAGIC BOX GIRLS | I150: Grade 6 | L150: 22000
A151: 150 | B151: 46108 | C151: SAS BP | D151: SC260155 | E151: #N/A | F151: Bhuvi Gattani | G151: SAS BP GRADE 6 MAGIC BOX GIRLS | I151: Grade 6 | L151: 22000
A152: 151 | B152: 46108 | C152: SAS BP | D152: 26BP0583 | E152: Delivered | F152: M. Nandan Sri | G152: SAS BP GRADE 7 MAGIC BOX BOYS | H152: SAS Suchitra Grade 7 BookkitTelugu 2nd Lan Hin 3rd Lan | I152: Grade 7 | L152: 22000
A153: 152 | B153: 46108 | C153: SAS BP | D153: SC260401 | E153: Delivered | F153: Siddarth V P | G153: SAS BP GRADE 7 MAGIC BOX BOYS | H153: SAS Suchitra Grade 7 BookkitTelugu 2nd Lan Hin 3rd Lan | I153: Grade 7 | L153: 22000
A154: 153 | B154: 46108 | C154: SAS BP | D154: SC260425 | E154: Delivered | F154: Vanama Tejo Amrutha | G154: SAS BP GRADE 7 MAGIC BOX GIRLS | H154: SAS Suchitra Grade 7 BookkitHindi 2nd Lan Tel 3rd Lan | I154: Grade 7 | L154: 22000
A155: 154 | B155: 46108 | C155: SAS BP | D155: 26BP0565 | E155: #N/A | F155: BOMMA MANYU | G155: SAS BP GRADE 8 MAGIC BOX BOYS | I155: Grade 8 | L155: 22000
A156: 155 | B156: 46108 | C156: SAS BP | D156: SC260402 | E156: #N/A | F156: Eegala Venkat Trishar Gitansh | G156: SAS BP GRADE 9 MAGIC BOX BOYS | I156: Grade 9 | L156: 22000
A157: 156 | B157: 46108 | C157: SAS BP | D157: SC260239 | E157: #N/A | F157: Nirved Bikumalla | G157: SAS BP LKG MAGIC BOX BOYS | I157: LKG | L157: 11000
A158: 157 | B158: 46108 | C158: SAS BP | D158: SC260176 | E158: #N/A | F158: SYED ASAD UR REHMAN AHMED | G158: SAS BP LKG MAGIC BOX BOYS | I158: LKG | L158: 11000
A159: 158 | B159: 46108 | C159: SAS BP | D159: SC260117 | E159: #N/A | F159: Ankam Tanvika | G159: SAS BP LKG MAGIC BOX GIRLS | I159: LKG | L159: 11000
A160: 159 | B160: 46108 | C160: SAS BP | D160: SC260293 | E160: #N/A | F160: Zane Michael Kadari | G160: SAS BP NURSERY MAGIC BOX BOYS | I160: Nursery | L160: 11000
A161: 160 | B161: 46108 | C161: SAS BP | D161: SC260474 | E161: #N/A | F161: Hazel Natasha Samuel | G161: SAS BP NURSERY MAGIC BOX GIRLS | I161: Nursery | L161: 11000
A162: 161 | B162: 46108 | C162: SAS BP | D162: SC260131 | E162: #N/A | F162: Jasra Zayn M | G162: SAS BP NURSERY MAGIC BOX GIRLS | I162: Nursery | L162: 11000
A163: 162 | B163: 46108 | C163: SAS BP | D163: SC260114 | E163: #N/A | F163: PULUCHERU RAHUL VEDANSH | G163: SAS BP UKG MAGIC BOX BOYS | I163: UKG | L163: 11000
A164: 163 | B164: 46109 | C164: SAS BP | D164: SC260086 | E164: #N/A | F164: SHAURYA OJAS CHANDESHWARE | G164: SAS BP GRADE 1 MAGIC BOX BOYS | I164: Grade 1 | L164: 16500
A165: 164 | B165: 46109 | C165: SAS BP | D165: SC260209 | E165: #N/A | F165: Dharshik Agrawal | G165: SAS BP GRADE 1 MAGIC BOX BOYS | I165: Grade 1 | L165: 16500
A166: 165 | B166: 46109 | C166: SAS BP | D166: SC260035 | E166: #N/A | F166: Riza Ibrahim Khan | G166: SAS BP GRADE 1 MAGIC BOX GIRLS | I166: Grade 1 | L166: 16500
A167: 166 | B167: 46109 | C167: SAS BP | D167: SC260215 | E167: #N/A | F167: Syed Ahnaf | G167: SAS BP GRADE 2 MAGIC BOX BOYS | I167: Grade 2 | L167: 16500
A168: 167 | B168: 46109 | C168: SAS BP | D168: 26BP0533 | E168: Delivered | F168: Sivampeta shreyansh | G168: SAS BP GRADE 3 MAGIC BOX BOYS | H168: SAS Suchitra Grade 3 BookkitTelugu 2nd Lan Hin 3rd Lan | I168: Grade 3 | L168: 16500
A169: 168 | B169: 46109 | C169: SAS BP | D169: SC260190 | E169: #N/A | F169: Hetwik Mandava | G169: SAS BP GRADE 4 MAGIC BOX BOYS | I169: Grade 4 | L169: 19800
A170: 169 | B170: 46109 | C170: SAS BP | D170: 26BP0568 | E170: #N/A | F170: Yuvraj Singh Marok | G170: SAS BP GRADE 5 MAGIC BOX BOYS | I170: Grade 5 | L170: 19800
A171: 170 | B171: 46109 | C171: SAS BP | D171: SC260372 | E171: #N/A | F171: Ananya Priyadarshinee Pradhan | G171: SAS BP GRADE 5 MAGIC BOX GIRLS | I171: Grade 5 | L171: 19800
A172: 171 | B172: 46109 | C172: SAS BP | D172: SC260257 | E172: #N/A | F172: Endla Srikruthi | G172: SAS BP GRADE 5 MAGIC BOX GIRLS | I172: Grade 5 | L172: 19800
A173: 172 | B173: 46109 | C173: SAS BP | D173: SC260373 | E173: #N/A | F173: Anish Reddy Gunukula | G173: SAS BP GRADE 6 MAGIC BOX BOYS | I173: Grade 6 | L173: 22000
A174: 173 | B174: 46109 | C174: SAS BP | D174: SC260502 | E174: Delivered | F174: Ruthwik Sai Konda | G174: SAS BP GRADE 7 MAGIC BOX BOYS | H174: SAS Suchitra Grade 7 BookkitHindi 2nd Lan Tel 3rd Lan | I174: Grade 7 | L174: 22000
A175: 174 | B175: 46109 | C175: SAS BP | D175: SC260356 | E175: #N/A | F175: PALAKURTHI TAKSHEEL | G175: SAS BP GRADE 8 MAGIC BOX BOYS | I175: Grade 8 | L175: 22000
A176: 175 | B176: 46109 | C176: SAS BP | D176: SC260122 | E176: Delivered | F176: Hanzala Arham Mohammad | G176: SAS BP GRADE 8 MAGIC BOX BOYS | H176: SAS Suchitra Grade 8 BookkitTelugu 2nd Lan Hin 3rd Lan | I176: Grade 8 | L176: 22000
A177: 176 | B177: 46109 | C177: SAS BP | D177: SC260444 | E177: #N/A | F177: Siyona Hiral Thakrar - 1 | G177: SAS BP GRADE 8 MAGIC BOX GIRLS | I177: Grade 8 | L177: 22000
A178: 177 | B178: 46109 | C178: SAS BP | D178: SC260374 | E178: Delivered | F178: Aaradhya Gunukula - 1 | G178: SAS BP GRADE 8 MAGIC BOX GIRLS | H178: SAS Suchitra Grade 8 BookkitTelugu 2nd Lan Hin 3rd Lan | I178: Grade 8 | L178: 22000
A179: 178 | B179: 46109 | C179: SAS BP | D179: SC260090 | E179: #N/A | F179: PATANGAY AYANSH | G179: SAS BP LKG MAGIC BOX BOYS | I179: LKG | L179: 11000
A180: 179 | B180: 46109 | C180: SAS BP | D180: 26BP0626 | E180: #N/A | F180: SHAMIKA PEARL ROI | G180: SAS BP LKG MAGIC BOX GIRLS | I180: LKG | L180: 11000
A181: 180 | B181: 46110 | C181: SAS BP | D181: SC260152 | E181: #N/A | F181: C Nikshith Reddy | G181: SAS BP GRADE 1 MAGIC BOX BOYS | I181: Grade 1 | L181: 16500
...
